image_id,image_path,true_label,perturbation,original_prediction,perturbed_prediction,prediction_changed,original_tb_probability,perturbed_tb_probability,probability_change,absolute_probability_change,cosine_similarity,spearman_correlation,jaccard_top10
MCUCXR_0079_0,/user/HS401/mn01409/Documents/Dissertation/data/Montgomery/images/MCUCXR_0079_0.png,0,brightness_plus,0,0,0,0.03943503275513649,0.04020828753709793,0.000773254781961441,0.000773254781961441,0.9073077604143656,0.754214209298341,0.5100075244544771
MCUCXR_0079_0,/user/HS401/mn01409/Documents/Dissertation/data/Montgomery/images/MCUCXR_0079_0.png,0,brightness_minus,0,0,0,0.03943503275513649,0.03795847296714783,-0.0014765597879886627,0.0014765597879886627,0.9307500059723269,0.7881176113503683,0.5556589147286821
MCUCXR_0079_0,/user/HS401/mn01409/Documents/Dissertation/data/Montgomery/images/MCUCXR_0079_0.png,0,contrast_plus,0,0,0,0.03943503275513649,0.04834063723683357,0.008905604481697083,0.008905604481697083,0.9435402955737313,0.8504620512302513,0.5962456251988546
MCUCXR_0079_0,/user/HS401/mn01409/Documents/Dissertation/data/Montgomery/images/MCUCXR_0079_0.png,0,contrast_minus,0,0,0,0.03943503275513649,0.04965201020240784,0.010216977447271347,0.010216977447271347,0.9544568141456852,0.8726258279542536,0.6296897839857073
MCUCXR_0079_0,/user/HS401/mn01409/Documents/Dissertation/data/Montgomery/images/MCUCXR_0079_0.png,0,gaussian_noise,0,0,0,0.03943503275513649,0.24438148736953735,0.20494645461440086,0.20494645461440086,0.7040414395648009,0.5928988461717443,0.23222399607024438
MCUCXR_0079_0,/user/HS401/mn01409/Documents/Dissertation/data/Montgomery/images/MCUCXR_0079_0.png,0,rotation,0,0,0,0.03943503275513649,0.08501975983381271,0.045584727078676224,0.045584727078676224,0.6626431199166748,0.5944086447856486,0.23647566235366604
CHNCXR_0580_1,/user/HS401/mn01409/Documents/Dissertation/data/Shenzhen/images/CHNCXR_0580_1.png,1,brightness_plus,1,1,0,0.9998717308044434,0.999704897403717,-0.00016683340072631836,0.00016683340072631836,0.8377541838383535,0.592409310529302,0.35962059620596204
CHNCXR_0580_1,/user/HS401/mn01409/Documents/Dissertation/data/Shenzhen/images/CHNCXR_0580_1.png,1,brightness_minus,1,1,0,0.9998717308044434,0.9999046325683594,3.2901763916015625e-05,3.2901763916015625e-05,0.7911708875992048,0.5398937717273657,0.3015955376832274
CHNCXR_0580_1,/user/HS401/mn01409/Documents/Dissertation/data/Shenzhen/images/CHNCXR_0580_1.png,1,contrast_plus,1,1,0,0.9998717308044434,0.999859094619751,-1.2636184692382812e-05,1.2636184692382812e-05,0.8856857264570196,0.6910732771954988,0.4462381089651196
CHNCXR_0580_1,/user/HS401/mn01409/Documents/Dissertation/data/Shenzhen/images/CHNCXR_0580_1.png,1,contrast_minus,1,1,0,0.9998717308044434,0.9998743534088135,2.6226043701171875e-06,2.6226043701171875e-06,0.8831627970776744,0.6883298461055776,0.4352739236160778
CHNCXR_0580_1,/user/HS401/mn01409/Documents/Dissertation/data/Shenzhen/images/CHNCXR_0580_1.png,1,gaussian_noise,1,1,0,0.9998717308044434,0.9999499320983887,7.82012939453125e-05,7.82012939453125e-05,0.7342103134684437,0.5076526456806094,0.22680034234013938
CHNCXR_0580_1,/user/HS401/mn01409/Documents/Dissertation/data/Shenzhen/images/CHNCXR_0580_1.png,1,rotation,1,1,0,0.9998717308044434,0.9999300241470337,5.829334259033203e-05,5.829334259033203e-05,0.6827414566324391,0.4880059249576114,0.18088737201365188
CHNCXR_0601_1,/user/HS401/mn01409/Documents/Dissertation/data/Shenzhen/images/CHNCXR_0601_1.png,1,brightness_plus,1,1,0,0.960953414440155,0.9835980534553528,0.022644639015197754,0.022644639015197754,0.8675858669711791,0.6194194162247033,0.3965205288796103
CHNCXR_0601_1,/user/HS401/mn01409/Documents/Dissertation/data/Shenzhen/images/CHNCXR_0601_1.png,1,brightness_minus,1,1,0,0.960953414440155,0.9558814167976379,-0.00507199764251709,0.00507199764251709,0.8347161196271927,0.4930815087015587,0.3235720881150244
CHNCXR_0601_1,/user/HS401/mn01409/Documents/Dissertation/data/Shenzhen/images/CHNCXR_0601_1.png,1,contrast_plus,1,1,0,0.960953414440155,0.9739328026771545,0.012979388236999512,0.012979388236999512,0.8946076322492705,0.6763077047863267,0.43774179681902853
CHNCXR_0601_1,/user/HS401/mn01409/Documents/Dissertation/data/Shenzhen/images/CHNCXR_0601_1.png,1,contrast_minus,1,1,0,0.960953414440155,0.9448768496513367,-0.01607656478881836,0.01607656478881836,0.8936237706167007,0.658206780091381,0.4398048500502224
CHNCXR_0601_1,/user/HS401/mn01409/Documents/Dissertation/data/Shenzhen/images/CHNCXR_0601_1.png,1,gaussian_noise,1,1,0,0.960953414440155,0.9924761652946472,0.03152275085449219,0.03152275085449219,0.7287943168057934,0.46146195998290224,0.27077001013171226
CHNCXR_0601_1,/user/HS401/mn01409/Documents/Dissertation/data/Shenzhen/images/CHNCXR_0601_1.png,1,rotation,1,1,0,0.960953414440155,0.9670626521110535,0.0061092376708984375,0.0061092376708984375,0.6920721363354537,0.5068033695351702,0.2603944228112046
MCUCXR_0266_1,/user/HS401/mn01409/Documents/Dissertation/data/Montgomery/images/MCUCXR_0266_1.png,1,brightness_plus,1,1,0,0.9835014939308167,0.9847188591957092,0.0012173652648925781,0.0012173652648925781,0.8683680171894953,0.724830736932918,0.4546245288489417
MCUCXR_0266_1,/user/HS401/mn01409/Documents/Dissertation/data/Montgomery/images/MCUCXR_0266_1.png,1,brightness_minus,1,1,0,0.9835014939308167,0.9762305021286011,-0.007270991802215576,0.007270991802215576,0.8752585623633629,0.6945484564135463,0.46055312954876276
MCUCXR_0266_1,/user/HS401/mn01409/Documents/Dissertation/data/Montgomery/images/MCUCXR_0266_1.png,1,contrast_plus,1,1,0,0.9835014939308167,0.9835251569747925,2.3663043975830078e-05,2.3663043975830078e-05,0.8797129322928888,0.7447521134930561,0.4799410029498525
MCUCXR_0266_1,/user/HS401/mn01409/Documents/Dissertation/data/Montgomery/images/MCUCXR_0266_1.png,1,contrast_minus,1,1,0,0.9835014939308167,0.9849559664726257,0.001454472541809082,0.001454472541809082,0.8905620146771793,0.7546662610403374,0.4969416679098911
MCUCXR_0266_1,/user/HS401/mn01409/Documents/Dissertation/data/Montgomery/images/MCUCXR_0266_1.png,1,gaussian_noise,1,1,0,0.9835014939308167,0.8529453873634338,-0.1305561065673828,0.1305561065673828,0.7141820243453574,0.6104217043518922,0.26787970684862267
MCUCXR_0266_1,/user/HS401/mn01409/Documents/Dissertation/data/Montgomery/images/MCUCXR_0266_1.png,1,rotation,1,1,0,0.9835014939308167,0.9898988604545593,0.006397366523742676,0.006397366523742676,0.7227637257696052,0.5956138415682617,0.28066368857689855
MCUCXR_0017_0,/user/HS401/mn01409/Documents/Dissertation/data/Montgomery/images/MCUCXR_0017_0.png,0,brightness_plus,0,0,0,0.0007747196941636503,0.000896386569365859,0.00012166687520220876,0.00012166687520220876,0.8391493639865146,0.6821912902982923,0.31335078534031413
MCUCXR_0017_0,/user/HS401/mn01409/Documents/Dissertation/data/Montgomery/images/MCUCXR_0017_0.png,0,brightness_minus,0,0,0,0.0007747196941636503,0.0008557008695788682,8.098117541521788e-05,8.098117541521788e-05,0.8469537475571738,0.6990997923413509,0.3327135077699562
MCUCXR_0017_0,/user/HS401/mn01409/Documents/Dissertation/data/Montgomery/images/MCUCXR_0017_0.png,0,contrast_plus,0,0,0,0.0007747196941636503,0.0010145250707864761,0.00023980537662282586,0.00023980537662282586,0.8393411384227878,0.6929452425167523,0.32707313847374686
MCUCXR_0017_0,/user/HS401/mn01409/Documents/Dissertation/data/Montgomery/images/MCUCXR_0017_0.png,0,contrast_minus,0,0,0,0.0007747196941636503,0.0007661734125576913,-8.546281605958939e-06,8.546281605958939e-06,0.8507231982253427,0.7155300026142257,0.3423411371237458
MCUCXR_0017_0,/user/HS401/mn01409/Documents/Dissertation/data/Montgomery/images/MCUCXR_0017_0.png,0,gaussian_noise,0,0,0,0.0007747196941636503,0.053193338215351105,0.052418618521187454,0.052418618521187454,0.7066221941569057,0.5868054728924185,0.18493150684931506
MCUCXR_0017_0,/user/HS401/mn01409/Documents/Dissertation/data/Montgomery/images/MCUCXR_0017_0.png,0,rotation,0,0,0,0.0007747196941636503,0.006784030701965094,0.006009311007801443,0.006009311007801443,0.7352736801853841,0.5646573424263382,0.2115431055300652
MCUCXR_0350_1,/user/HS401/mn01409/Documents/Dissertation/data/Montgomery/images/MCUCXR_0350_1.png,1,brightness_plus,1,1,0,0.9994354844093323,0.9989486336708069,-0.0004868507385253906,0.0004868507385253906,0.8580505488233313,0.6615352951811226,0.39944211994421197
MCUCXR_0350_1,/user/HS401/mn01409/Documents/Dissertation/data/Montgomery/images/MCUCXR_0350_1.png,1,brightness_minus,1,1,0,0.9994354844093323,0.9996848106384277,0.000249326229095459,0.000249326229095459,0.8908971873962607,0.7371878753777534,0.4518882940240197
MCUCXR_0350_1,/user/HS401/mn01409/Documents/Dissertation/data/Montgomery/images/MCUCXR_0350_1.png,1,contrast_plus,1,1,0,0.9994354844093323,0.9990416169166565,-0.00039386749267578125,0.00039386749267578125,0.9029705469537503,0.7583978379903403,0.47710878845870747
MCUCXR_0350_1,/user/HS401/mn01409/Documents/Dissertation/data/Montgomery/images/MCUCXR_0350_1.png,1,contrast_minus,1,1,0,0.9994354844093323,0.9995313882827759,9.590387344360352e-05,9.590387344360352e-05,0.9073399819367428,0.7894635772010801,0.4938216465684085
MCUCXR_0350_1,/user/HS401/mn01409/Documents/Dissertation/data/Montgomery/images/MCUCXR_0350_1.png,1,gaussian_noise,1,1,0,0.9994354844093323,0.9968128800392151,-0.0026226043701171875,0.0026226043701171875,0.7134825469785503,0.5897702775874215,0.22216808769792937
MCUCXR_0350_1,/user/HS401/mn01409/Documents/Dissertation/data/Montgomery/images/MCUCXR_0350_1.png,1,rotation,1,1,0,0.9994354844093323,0.9999139308929443,0.00047844648361206055,0.00047844648361206055,0.7045872269613939,0.59371211906598,0.24800995024875622
CHNCXR_0158_0,/user/HS401/mn01409/Documents/Dissertation/data/Shenzhen/images/CHNCXR_0158_0.png,0,brightness_plus,0,0,0,0.04898906499147415,0.02931550331413746,-0.019673561677336693,0.019673561677336693,0.8123164805589732,0.5990930802134493,0.3073615635179153
CHNCXR_0158_0,/user/HS401/mn01409/Documents/Dissertation/data/Shenzhen/images/CHNCXR_0158_0.png,0,brightness_minus,0,0,0,0.04898906499147415,0.05327948182821274,0.004290416836738586,0.004290416836738586,0.8005128084519991,0.5410700731118128,0.2847631241997439
CHNCXR_0158_0,/user/HS401/mn01409/Documents/Dissertation/data/Shenzhen/images/CHNCXR_0158_0.png,0,contrast_plus,0,0,0,0.04898906499147415,0.044955283403396606,-0.004033781588077545,0.004033781588077545,0.8626561753311963,0.666319167252214,0.3798129812981298
CHNCXR_0158_0,/user/HS401/mn01409/Documents/Dissertation/data/Shenzhen/images/CHNCXR_0158_0.png,0,contrast_minus,0,0,0,0.04898906499147415,0.036313336342573166,-0.012675728648900986,0.012675728648900986,0.8579464837143198,0.6725995230592976,0.3822840611654498
CHNCXR_0158_0,/user/HS401/mn01409/Documents/Dissertation/data/Shenzhen/images/CHNCXR_0158_0.png,0,gaussian_noise,0,0,0,0.04898906499147415,0.09672269970178604,0.04773363471031189,0.04773363471031189,0.7089490196594648,0.4732619985169259,0.1863324663040908
CHNCXR_0158_0,/user/HS401/mn01409/Documents/Dissertation/data/Shenzhen/images/CHNCXR_0158_0.png,0,rotation,0,0,0,0.04898906499147415,0.030432838946580887,-0.018556226044893265,0.018556226044893265,0.7144843713942465,0.5051905292094674,0.19780350960964546
CHNCXR_0188_0,/user/HS401/mn01409/Documents/Dissertation/data/Shenzhen/images/CHNCXR_0188_0.png,0,brightness_plus,0,0,0,0.00039689609548076987,0.0004672541399486363,7.035804446786642e-05,7.035804446786642e-05,0.8103968288639755,0.5544997754907945,0.3000777403472402
CHNCXR_0188_0,/user/HS401/mn01409/Documents/Dissertation/data/Shenzhen/images/CHNCXR_0188_0.png,0,brightness_minus,0,0,0,0.00039689609548076987,0.0006018070271238685,0.0002049109316430986,0.0002049109316430986,0.8022325759979416,0.5385806769935484,0.3046417891041477
CHNCXR_0188_0,/user/HS401/mn01409/Documents/Dissertation/data/Shenzhen/images/CHNCXR_0188_0.png,0,contrast_plus,0,0,0,0.00039689609548076987,0.00034134124871343374,-5.555484676733613e-05,5.555484676733613e-05,0.8763933051914191,0.6838040187048425,0.4049285914309717
CHNCXR_0188_0,/user/HS401/mn01409/Documents/Dissertation/data/Shenzhen/images/CHNCXR_0188_0.png,0,contrast_minus,0,0,0,0.00039689609548076987,0.0002743345976341516,-0.0001225614978466183,0.0001225614978466183,0.8817204535229247,0.6830207760096051,0.4152327221438646
CHNCXR_0188_0,/user/HS401/mn01409/Documents/Dissertation/data/Shenzhen/images/CHNCXR_0188_0.png,0,gaussian_noise,0,0,0,0.00039689609548076987,0.011934259906411171,0.011537363810930401,0.011537363810930401,0.7385592101866095,0.5079996152525409,0.23739055370575904
CHNCXR_0188_0,/user/HS401/mn01409/Documents/Dissertation/data/Shenzhen/images/CHNCXR_0188_0.png,0,rotation,0,0,0,0.00039689609548076987,0.0015437831170856953,0.0011468870216049254,0.0011468870216049254,0.7005491485523064,0.48979601971573633,0.1955200762540212
CHNCXR_0206_0,/user/HS401/mn01409/Documents/Dissertation/data/Shenzhen/images/CHNCXR_0206_0.png,0,brightness_plus,0,0,0,0.014342556707561016,0.01632564328610897,0.0019830865785479546,0.0019830865785479546,0.8796199057384149,0.7219732813919131,0.4845391330078414
CHNCXR_0206_0,/user/HS401/mn01409/Documents/Dissertation/data/Shenzhen/images/CHNCXR_0206_0.png,0,brightness_minus,0,0,0,0.014342556707561016,0.014020677655935287,-0.0003218790516257286,0.0003218790516257286,0.8359292170402036,0.6473380332500726,0.40453527435610304
CHNCXR_0206_0,/user/HS401/mn01409/Documents/Dissertation/data/Shenzhen/images/CHNCXR_0206_0.png,0,contrast_plus,0,0,0,0.014342556707561016,0.012480557896196842,-0.0018619988113641739,0.0018619988113641739,0.8914246121074372,0.7640238658750339,0.4980591221260078
CHNCXR_0206_0,/user/HS401/mn01409/Documents/Dissertation/data/Shenzhen/images/CHNCXR_0206_0.png,0,contrast_minus,0,0,0,0.014342556707561016,0.012235337868332863,-0.0021072188392281532,0.0021072188392281532,0.8907302180898555,0.7595205252246163,0.5023207066926186
CHNCXR_0206_0,/user/HS401/mn01409/Documents/Dissertation/data/Shenzhen/images/CHNCXR_0206_0.png,0,gaussian_noise,0,0,0,0.014342556707561016,0.21835486590862274,0.20401230920106173,0.20401230920106173,0.7423327791712871,0.6295206186990081,0.3058302967204581
CHNCXR_0206_0,/user/HS401/mn01409/Documents/Dissertation/data/Shenzhen/images/CHNCXR_0206_0.png,0,rotation,0,0,0,0.014342556707561016,0.022082287818193436,0.00773973111063242,0.00773973111063242,0.7560162973365504,0.6195793233960109,0.33858057630736393
CHNCXR_0258_0,/user/HS401/mn01409/Documents/Dissertation/data/Shenzhen/images/CHNCXR_0258_0.png,0,brightness_plus,0,0,0,0.0003925152122974396,0.00023436520132236183,-0.00015815001097507775,0.00015815001097507775,0.8220579169762188,0.6211332110556286,0.3357294994675186
CHNCXR_0258_0,/user/HS401/mn01409/Documents/Dissertation/data/Shenzhen/images/CHNCXR_0258_0.png,0,brightness_minus,0,0,0,0.0003925152122974396,0.0009598241886124015,0.0005673089763149619,0.0005673089763149619,0.7938396542803132,0.560431368834941,0.3138667015843918
CHNCXR_0258_0,/user/HS401/mn01409/Documents/Dissertation/data/Shenzhen/images/CHNCXR_0258_0.png,0,contrast_plus,0,0,0,0.0003925152122974396,0.00046066584764048457,6.8150635343045e-05,6.8150635343045e-05,0.8763350772795802,0.7005290292100149,0.42024062278839347
CHNCXR_0258_0,/user/HS401/mn01409/Documents/Dissertation/data/Shenzhen/images/CHNCXR_0258_0.png,0,contrast_minus,0,0,0,0.0003925152122974396,0.0002779954229481518,-0.00011451978934928775,0.00011451978934928775,0.8766364500637851,0.7217038460303539,0.43138373751783166
CHNCXR_0258_0,/user/HS401/mn01409/Documents/Dissertation/data/Shenzhen/images/CHNCXR_0258_0.png,0,gaussian_noise,0,0,0,0.0003925152122974396,0.012774285860359669,0.01238177064806223,0.01238177064806223,0.7058087258349757,0.5268292239572915,0.21845780206435944
CHNCXR_0258_0,/user/HS401/mn01409/Documents/Dissertation/data/Shenzhen/images/CHNCXR_0258_0.png,0,rotation,0,0,0,0.0003925152122974396,0.0009160832851193845,0.000523568072821945,0.000523568072821945,0.7242546502527738,0.5719840772767428,0.2578663658016798
CHNCXR_0034_0,/user/HS401/mn01409/Documents/Dissertation/data/Shenzhen/images/CHNCXR_0034_0.png,0,brightness_plus,1,1,0,0.5211613774299622,0.5718329548835754,0.05067157745361328,0.05067157745361328,0.8243829043709042,0.6492841100719909,0.34341946713080734
CHNCXR_0034_0,/user/HS401/mn01409/Documents/Dissertation/data/Shenzhen/images/CHNCXR_0034_0.png,0,brightness_minus,1,1,0,0.5211613774299622,0.5587010979652405,0.03753972053527832,0.03753972053527832,0.8100379166271421,0.6198550554077065,0.3065104166666667
CHNCXR_0034_0,/user/HS401/mn01409/Documents/Dissertation/data/Shenzhen/images/CHNCXR_0034_0.png,0,contrast_plus,1,1,0,0.5211613774299622,0.6424984335899353,0.12133705615997314,0.12133705615997314,0.857153984193039,0.6893983028011081,0.38380912977520343
CHNCXR_0034_0,/user/HS401/mn01409/Documents/Dissertation/data/Shenzhen/images/CHNCXR_0034_0.png,0,contrast_minus,1,0,1,0.5211613774299622,0.43805792927742004,-0.08310344815254211,0.08310344815254211,0.8527068111713711,0.7013816974856668,0.3882125069175429
CHNCXR_0034_0,/user/HS401/mn01409/Documents/Dissertation/data/Shenzhen/images/CHNCXR_0034_0.png,0,gaussian_noise,1,1,0,0.5211613774299622,0.862194299697876,0.3410329222679138,0.3410329222679138,0.7090780593858871,0.5579094998444266,0.19666070363744784
CHNCXR_0034_0,/user/HS401/mn01409/Documents/Dissertation/data/Shenzhen/images/CHNCXR_0034_0.png,0,rotation,1,1,0,0.5211613774299622,0.8160456418991089,0.29488426446914673,0.29488426446914673,0.7362691658891922,0.5498148877431087,0.2301091087409587
CHNCXR_0618_1,/user/HS401/mn01409/Documents/Dissertation/data/Shenzhen/images/CHNCXR_0618_1.png,1,brightness_plus,1,1,0,0.9751522541046143,0.974351704120636,-0.0008005499839782715,0.0008005499839782715,0.8417357408469427,0.591237585550329,0.39885682420186813
CHNCXR_0618_1,/user/HS401/mn01409/Documents/Dissertation/data/Shenzhen/images/CHNCXR_0618_1.png,1,brightness_minus,1,1,0,0.9751522541046143,0.9782111048698425,0.0030588507652282715,0.0030588507652282715,0.8498284307147381,0.5452776184149953,0.41943697835620314
CHNCXR_0618_1,/user/HS401/mn01409/Documents/Dissertation/data/Shenzhen/images/CHNCXR_0618_1.png,1,contrast_plus,1,1,0,0.9751522541046143,0.9738951921463013,-0.0012570619583129883,0.0012570619583129883,0.9033432340283124,0.699256300291668,0.512739333634856
CHNCXR_0618_1,/user/HS401/mn01409/Documents/Dissertation/data/Shenzhen/images/CHNCXR_0618_1.png,1,contrast_minus,1,1,0,0.9751522541046143,0.9761309623718262,0.000978708267211914,0.000978708267211914,0.8934855312118151,0.6836502474482985,0.4982828131999403
CHNCXR_0618_1,/user/HS401/mn01409/Documents/Dissertation/data/Shenzhen/images/CHNCXR_0618_1.png,1,gaussian_noise,1,1,0,0.9751522541046143,0.9959033131599426,0.02075105905532837,0.02075105905532837,0.7241281411118536,0.5191411170031135,0.27464430894308944
CHNCXR_0618_1,/user/HS401/mn01409/Documents/Dissertation/data/Shenzhen/images/CHNCXR_0618_1.png,1,rotation,1,1,0,0.9751522541046143,0.9826966524124146,0.007544398307800293,0.007544398307800293,0.6816115899785893,0.47362577228295355,0.24692431962221947
MCUCXR_0057_0,/user/HS401/mn01409/Documents/Dissertation/data/Montgomery/images/MCUCXR_0057_0.png,0,brightness_plus,0,0,0,0.009672006592154503,0.007041532080620527,-0.0026304745115339756,0.0026304745115339756,0.8484692511497778,0.7142112833965576,0.35101656119563757
MCUCXR_0057_0,/user/HS401/mn01409/Documents/Dissertation/data/Montgomery/images/MCUCXR_0057_0.png,0,brightness_minus,0,0,0,0.009672006592154503,0.00785917416214943,-0.0018128324300050735,0.0018128324300050735,0.8467516694051443,0.7202185039408724,0.3522911051212938
MCUCXR_0057_0,/user/HS401/mn01409/Documents/Dissertation/data/Montgomery/images/MCUCXR_0057_0.png,0,contrast_plus,0,0,0,0.009672006592154503,0.010283767245709896,0.0006117606535553932,0.0006117606535553932,0.868275550192167,0.7512883614258887,0.37753981328940145
MCUCXR_0057_0,/user/HS401/mn01409/Documents/Dissertation/data/Montgomery/images/MCUCXR_0057_0.png,0,contrast_minus,0,0,0,0.009672006592154503,0.009138223715126514,-0.0005337828770279884,0.0005337828770279884,0.8634948994928053,0.7563252354574381,0.37170198222829803
MCUCXR_0057_0,/user/HS401/mn01409/Documents/Dissertation/data/Montgomery/images/MCUCXR_0057_0.png,0,gaussian_noise,0,0,0,0.009672006592154503,0.005404897965490818,-0.004267108626663685,0.004267108626663685,0.7406700792505911,0.6231572213411075,0.2290543851053405
MCUCXR_0057_0,/user/HS401/mn01409/Documents/Dissertation/data/Montgomery/images/MCUCXR_0057_0.png,0,rotation,0,0,0,0.009672006592154503,0.01352586131542921,0.003853854723274708,0.003853854723274708,0.7460413749154144,0.6051049635958691,0.24060336300692384
CHNCXR_0613_1,/user/HS401/mn01409/Documents/Dissertation/data/Shenzhen/images/CHNCXR_0613_1.png,1,brightness_plus,0,0,0,0.1095995381474495,0.04602288827300072,-0.06357664987444878,0.06357664987444878,0.7982330346296704,0.5498748470054061,0.34449953101969716
CHNCXR_0613_1,/user/HS401/mn01409/Documents/Dissertation/data/Shenzhen/images/CHNCXR_0613_1.png,1,brightness_minus,0,0,0,0.1095995381474495,0.1404189020395279,0.0308193638920784,0.0308193638920784,0.7973296086990592,0.5187353389331568,0.30515088449531735
CHNCXR_0613_1,/user/HS401/mn01409/Documents/Dissertation/data/Shenzhen/images/CHNCXR_0613_1.png,1,contrast_plus,0,0,0,0.1095995381474495,0.16004471480846405,0.05044517666101456,0.05044517666101456,0.8576413788629181,0.6420249254594403,0.4110532977077767
CHNCXR_0613_1,/user/HS401/mn01409/Documents/Dissertation/data/Shenzhen/images/CHNCXR_0613_1.png,1,contrast_minus,0,0,0,0.1095995381474495,0.06575904786586761,-0.04384049028158188,0.04384049028158188,0.8511801256696924,0.6436176783344059,0.4015924011733482
CHNCXR_0613_1,/user/HS401/mn01409/Documents/Dissertation/data/Shenzhen/images/CHNCXR_0613_1.png,1,gaussian_noise,0,1,1,0.1095995381474495,0.816055178642273,0.7064556404948235,0.7064556404948235,0.7404540230303461,0.5472253814512588,0.21066602316602318
CHNCXR_0613_1,/user/HS401/mn01409/Documents/Dissertation/data/Shenzhen/images/CHNCXR_0613_1.png,1,rotation,0,0,0,0.1095995381474495,0.1427646428346634,0.0331651046872139,0.0331651046872139,0.7219113988437829,0.47752196917495066,0.19666070363744784
CHNCXR_0456_1,/user/HS401/mn01409/Documents/Dissertation/data/Shenzhen/images/CHNCXR_0456_1.png,1,brightness_plus,0,0,0,0.20200930535793304,0.0857236459851265,-0.11628565937280655,0.11628565937280655,0.8629190318592898,0.6738895583554323,0.4479076479076479
CHNCXR_0456_1,/user/HS401/mn01409/Documents/Dissertation/data/Shenzhen/images/CHNCXR_0456_1.png,1,brightness_minus,0,0,0,0.20200930535793304,0.4103499948978424,0.20834068953990936,0.20834068953990936,0.7666473923428062,0.587033444650213,0.3328905419766206
CHNCXR_0456_1,/user/HS401/mn01409/Documents/Dissertation/data/Shenzhen/images/CHNCXR_0456_1.png,1,contrast_plus,0,0,0,0.20200930535793304,0.2918386459350586,0.08982934057712555,0.08982934057712555,0.8993890195515297,0.7355710304267554,0.5157099697885197
CHNCXR_0456_1,/user/HS401/mn01409/Documents/Dissertation/data/Shenzhen/images/CHNCXR_0456_1.png,1,contrast_minus,0,0,0,0.20200930535793304,0.13123206794261932,-0.07077723741531372,0.07077723741531372,0.8837588167347364,0.7293817841451987,0.48103321033210333
CHNCXR_0456_1,/user/HS401/mn01409/Documents/Dissertation/data/Shenzhen/images/CHNCXR_0456_1.png,1,gaussian_noise,0,1,1,0.20200930535793304,0.51923668384552,0.317227378487587,0.317227378487587,0.6961741032034544,0.5017930037012232,0.2432164539710073
CHNCXR_0456_1,/user/HS401/mn01409/Documents/Dissertation/data/Shenzhen/images/CHNCXR_0456_1.png,1,rotation,0,1,1,0.20200930535793304,0.6716437935829163,0.4696344882249832,0.4696344882249832,0.7119435124818397,0.5473079423498581,0.2616622658116434
CHNCXR_0110_0,/user/HS401/mn01409/Documents/Dissertation/data/Shenzhen/images/CHNCXR_0110_0.png,0,brightness_plus,0,0,0,0.2341046929359436,0.17889870703220367,-0.05520598590373993,0.05520598590373993,0.8416352135982852,0.6383931501290913,0.3700163844893501
CHNCXR_0110_0,/user/HS401/mn01409/Documents/Dissertation/data/Shenzhen/images/CHNCXR_0110_0.png,0,brightness_minus,0,0,0,0.2341046929359436,0.25178828835487366,0.017683595418930054,0.017683595418930054,0.8028397439872516,0.5651992016966848,0.31956864807995794
CHNCXR_0110_0,/user/HS401/mn01409/Documents/Dissertation/data/Shenzhen/images/CHNCXR_0110_0.png,0,contrast_plus,0,0,0,0.2341046929359436,0.308125376701355,0.07402068376541138,0.07402068376541138,0.8765042489210908,0.6921226550168302,0.42124645892351276
CHNCXR_0110_0,/user/HS401/mn01409/Documents/Dissertation/data/Shenzhen/images/CHNCXR_0110_0.png,0,contrast_minus,0,0,0,0.2341046929359436,0.17300669848918915,-0.061097994446754456,0.061097994446754456,0.8829910286189651,0.7022028445962316,0.4441565918249856
CHNCXR_0110_0,/user/HS401/mn01409/Documents/Dissertation/data/Shenzhen/images/CHNCXR_0110_0.png,0,gaussian_noise,0,1,1,0.2341046929359436,0.5578632354736328,0.3237585425376892,0.3237585425376892,0.7228330398378995,0.5548952654836937,0.21110440555220278
CHNCXR_0110_0,/user/HS401/mn01409/Documents/Dissertation/data/Shenzhen/images/CHNCXR_0110_0.png,0,rotation,0,0,0,0.2341046929359436,0.4821368455886841,0.24803215265274048,0.24803215265274048,0.7236816845592671,0.5682222814453294,0.23968371633308624
MCUCXR_0390_1,/user/HS401/mn01409/Documents/Dissertation/data/Montgomery/images/MCUCXR_0390_1.png,1,brightness_plus,1,1,0,0.9989389777183533,0.9986490607261658,-0.0002899169921875,0.0002899169921875,0.8541691233607703,0.6952283690680842,0.3980771910268915
MCUCXR_0390_1,/user/HS401/mn01409/Documents/Dissertation/data/Montgomery/images/MCUCXR_0390_1.png,1,brightness_minus,1,1,0,0.9989389777183533,0.9993000030517578,0.000361025333404541,0.000361025333404541,0.8711290450252328,0.7456096435110777,0.42104517773686445
MCUCXR_0390_1,/user/HS401/mn01409/Documents/Dissertation/data/Montgomery/images/MCUCXR_0390_1.png,1,contrast_plus,1,1,0,0.9989389777183533,0.9988333582878113,-0.00010561943054199219,0.00010561943054199219,0.8806442503828482,0.7640808682569863,0.445821325648415
MCUCXR_0390_1,/user/HS401/mn01409/Documents/Dissertation/data/Montgomery/images/MCUCXR_0390_1.png,1,contrast_minus,1,1,0,0.9989389777183533,0.9989801049232483,4.112720489501953e-05,4.112720489501953e-05,0.8898545254454271,0.7852528941030305,0.4669590643274854
MCUCXR_0390_1,/user/HS401/mn01409/Documents/Dissertation/data/Montgomery/images/MCUCXR_0390_1.png,1,gaussian_noise,1,1,0,0.9989389777183533,0.9978759288787842,-0.0010630488395690918,0.0010630488395690918,0.7209144073642997,0.6459456884239794,0.23161900085921197
MCUCXR_0390_1,/user/HS401/mn01409/Documents/Dissertation/data/Montgomery/images/MCUCXR_0390_1.png,1,rotation,1,1,0,0.9989389777183533,0.9985164999961853,-0.00042247772216796875,0.00042247772216796875,0.7047041468916982,0.6113249224459439,0.2501868925990531
CHNCXR_0568_1,/user/HS401/mn01409/Documents/Dissertation/data/Shenzhen/images/CHNCXR_0568_1.png,1,brightness_plus,1,1,0,0.9998897314071655,0.9999070167541504,1.728534698486328e-05,1.728534698486328e-05,0.8035761645596167,0.5587099292223346,0.32026315789473686
CHNCXR_0568_1,/user/HS401/mn01409/Documents/Dissertation/data/Shenzhen/images/CHNCXR_0568_1.png,1,brightness_minus,1,1,0,0.9998897314071655,0.9999182224273682,2.849102020263672e-05,2.849102020263672e-05,0.8362995969585484,0.5921698272722453,0.3784860557768924
CHNCXR_0568_1,/user/HS401/mn01409/Documents/Dissertation/data/Shenzhen/images/CHNCXR_0568_1.png,1,contrast_plus,1,1,0,0.9998897314071655,0.9999046325683594,1.4901161193847656e-05,1.4901161193847656e-05,0.879829203410335,0.6948094782402899,0.4487438637019925
CHNCXR_0568_1,/user/HS401/mn01409/Documents/Dissertation/data/Shenzhen/images/CHNCXR_0568_1.png,1,contrast_minus,1,1,0,0.9998897314071655,0.9998738765716553,-1.5854835510253906e-05,1.5854835510253906e-05,0.8813361514074894,0.6875441170108961,0.4483256351039261
CHNCXR_0568_1,/user/HS401/mn01409/Documents/Dissertation/data/Shenzhen/images/CHNCXR_0568_1.png,1,gaussian_noise,1,1,0,0.9998897314071655,0.9997020363807678,-0.00018769502639770508,0.00018769502639770508,0.733835982595505,0.5642941146102817,0.2375431672422299
CHNCXR_0568_1,/user/HS401/mn01409/Documents/Dissertation/data/Shenzhen/images/CHNCXR_0568_1.png,1,rotation,1,1,0,0.9998897314071655,0.9997448325157166,-0.0001448988914489746,0.0001448988914489746,0.6849338113853471,0.5018079403237833,0.21580031503695626
CHNCXR_0174_0,/user/HS401/mn01409/Documents/Dissertation/data/Shenzhen/images/CHNCXR_0174_0.png,0,brightness_plus,0,0,0,0.16712543368339539,0.13508237898349762,-0.032043054699897766,0.032043054699897766,0.8386716905019955,0.6653828010428872,0.37376779846659364
CHNCXR_0174_0,/user/HS401/mn01409/Documents/Dissertation/data/Shenzhen/images/CHNCXR_0174_0.png,0,brightness_minus,0,0,0,0.16712543368339539,0.2656533420085907,0.09852790832519531,0.09852790832519531,0.8026085348957536,0.5250656760668458,0.27205882352941174
CHNCXR_0174_0,/user/HS401/mn01409/Documents/Dissertation/data/Shenzhen/images/CHNCXR_0174_0.png,0,contrast_plus,0,0,0,0.16712543368339539,0.2607917785644531,0.09366634488105774,0.09366634488105774,0.8683125014904862,0.6936104153256192,0.3965205288796103
CHNCXR_0174_0,/user/HS401/mn01409/Documents/Dissertation/data/Shenzhen/images/CHNCXR_0174_0.png,0,contrast_minus,0,0,0,0.16712543368339539,0.10789058357477188,-0.059234850108623505,0.059234850108623505,0.8786830427541663,0.7126725122138015,0.42285876347135565
CHNCXR_0174_0,/user/HS401/mn01409/Documents/Dissertation/data/Shenzhen/images/CHNCXR_0174_0.png,0,gaussian_noise,0,1,1,0.16712543368339539,0.8135193586349487,0.6463939249515533,0.6463939249515533,0.7234754841122488,0.5480478683610281,0.19637534279241683
CHNCXR_0174_0,/user/HS401/mn01409/Documents/Dissertation/data/Shenzhen/images/CHNCXR_0174_0.png,0,rotation,0,0,0,0.16712543368339539,0.48424214124679565,0.31711670756340027,0.31711670756340027,0.733461086100182,0.5402679806544266,0.24599528126164164
CHNCXR_0435_1,/user/HS401/mn01409/Documents/Dissertation/data/Shenzhen/images/CHNCXR_0435_1.png,1,brightness_plus,0,0,0,0.44342952966690063,0.35387122631073,-0.08955830335617065,0.08955830335617065,0.8296380511687552,0.5316606877101508,0.34180262102166353
CHNCXR_0435_1,/user/HS401/mn01409/Documents/Dissertation/data/Shenzhen/images/CHNCXR_0435_1.png,1,brightness_minus,0,1,1,0.44342952966690063,0.6887796521186829,0.24535012245178223,0.24535012245178223,0.8450442248210981,0.5363055714081446,0.37565122018097064
CHNCXR_0435_1,/user/HS401/mn01409/Documents/Dissertation/data/Shenzhen/images/CHNCXR_0435_1.png,1,contrast_plus,0,1,1,0.44342952966690063,0.5607788562774658,0.11734932661056519,0.11734932661056519,0.9115260510447601,0.6882357906103551,0.5011968880909635
CHNCXR_0435_1,/user/HS401/mn01409/Documents/Dissertation/data/Shenzhen/images/CHNCXR_0435_1.png,1,contrast_minus,0,0,0,0.44342952966690063,0.3184664845466614,-0.12496304512023926,0.12496304512023926,0.9025241715268957,0.6770623898077881,0.47342143906020556
CHNCXR_0435_1,/user/HS401/mn01409/Documents/Dissertation/data/Shenzhen/images/CHNCXR_0435_1.png,1,gaussian_noise,0,1,1,0.44342952966690063,0.5896908044815063,0.1462612748146057,0.1462612748146057,0.71772423367037,0.4760590553149524,0.25034267912772584
CHNCXR_0435_1,/user/HS401/mn01409/Documents/Dissertation/data/Shenzhen/images/CHNCXR_0435_1.png,1,rotation,0,1,1,0.44342952966690063,0.9027128219604492,0.4592832922935486,0.4592832922935486,0.683280833612452,0.4342166372617799,0.20485110470701248
MCUCXR_0091_0,/user/HS401/mn01409/Documents/Dissertation/data/Montgomery/images/MCUCXR_0091_0.png,0,brightness_plus,1,1,0,0.8620966076850891,0.7125815153121948,-0.1495150923728943,0.1495150923728943,0.8580251036449612,0.6696154386334324,0.44249568717653825
MCUCXR_0091_0,/user/HS401/mn01409/Documents/Dissertation/data/Montgomery/images/MCUCXR_0091_0.png,0,brightness_minus,1,1,0,0.8620966076850891,0.9156755208969116,0.05357891321182251,0.05357891321182251,0.8754491579644597,0.7228978032802885,0.4648175182481752
MCUCXR_0091_0,/user/HS401/mn01409/Documents/Dissertation/data/Montgomery/images/MCUCXR_0091_0.png,0,contrast_plus,1,1,0,0.8620966076850891,0.7917176485061646,-0.07037895917892456,0.07037895917892456,0.8867831171984019,0.7405500959572099,0.48147054481027607
MCUCXR_0091_0,/user/HS401/mn01409/Documents/Dissertation/data/Montgomery/images/MCUCXR_0091_0.png,0,contrast_minus,1,1,0,0.8620966076850891,0.8448505997657776,-0.017246007919311523,0.017246007919311523,0.8939925048246744,0.7696616814913441,0.5005234036189622
MCUCXR_0091_0,/user/HS401/mn01409/Documents/Dissertation/data/Montgomery/images/MCUCXR_0091_0.png,0,gaussian_noise,1,1,0,0.8620966076850891,0.9843167066574097,0.12222009897232056,0.12222009897232056,0.7202396901245303,0.6227835808617644,0.23693293885601577
MCUCXR_0091_0,/user/HS401/mn01409/Documents/Dissertation/data/Montgomery/images/MCUCXR_0091_0.png,0,rotation,1,1,0,0.8620966076850891,0.7467676997184753,-0.11532890796661377,0.11532890796661377,0.6992561600784077,0.6076739894867909,0.2589711417816813
MCUCXR_0103_0,/user/HS401/mn01409/Documents/Dissertation/data/Montgomery/images/MCUCXR_0103_0.png,0,brightness_plus,0,0,0,0.03422237187623978,0.014822001568973064,-0.019400370307266712,0.019400370307266712,0.8512190357473571,0.6551122002720282,0.3798129812981298
MCUCXR_0103_0,/user/HS401/mn01409/Documents/Dissertation/data/Montgomery/images/MCUCXR_0103_0.png,0,brightness_minus,0,0,0,0.03422237187623978,0.05432887747883797,0.02010650560259819,0.02010650560259819,0.8552352338164474,0.6888870271031753,0.38038244600357685
MCUCXR_0103_0,/user/HS401/mn01409/Documents/Dissertation/data/Montgomery/images/MCUCXR_0103_0.png,0,contrast_plus,0,0,0,0.03422237187623978,0.042754173278808594,0.008531801402568817,0.008531801402568817,0.8765471028067423,0.7295861796940624,0.4132394366197183
MCUCXR_0103_0,/user/HS401/mn01409/Documents/Dissertation/data/Montgomery/images/MCUCXR_0103_0.png,0,contrast_minus,0,0,0,0.03422237187623978,0.03326273709535599,-0.0009596347808837891,0.0009596347808837891,0.8762224632568923,0.74077007334702,0.4198386868543937
MCUCXR_0103_0,/user/HS401/mn01409/Documents/Dissertation/data/Montgomery/images/MCUCXR_0103_0.png,0,gaussian_noise,0,0,0,0.03422237187623978,0.1970677375793457,0.16284536570310593,0.16284536570310593,0.7368171074022387,0.6150570016962905,0.2259010384850336
MCUCXR_0103_0,/user/HS401/mn01409/Documents/Dissertation/data/Montgomery/images/MCUCXR_0103_0.png,0,rotation,0,0,0,0.03422237187623978,0.06600463390350342,0.03178226202726364,0.03178226202726364,0.7111254629225164,0.5630065973846539,0.2116894094916073
CHNCXR_0414_1,/user/HS401/mn01409/Documents/Dissertation/data/Shenzhen/images/CHNCXR_0414_1.png,1,brightness_plus,1,1,0,0.9481461048126221,0.9306923151016235,-0.017453789710998535,0.017453789710998535,0.8489079147672924,0.6151747560222107,0.38725286879579707
CHNCXR_0414_1,/user/HS401/mn01409/Documents/Dissertation/data/Shenzhen/images/CHNCXR_0414_1.png,1,brightness_minus,1,1,0,0.9481461048126221,0.9433296322822571,-0.00481647253036499,0.00481647253036499,0.8201637721547335,0.5631824940811347,0.3293587705352411
CHNCXR_0414_1,/user/HS401/mn01409/Documents/Dissertation/data/Shenzhen/images/CHNCXR_0414_1.png,1,contrast_plus,1,1,0,0.9481461048126221,0.9563397765159607,0.008193671703338623,0.008193671703338623,0.8830614806122473,0.688558921028194,0.4236662883087401
CHNCXR_0414_1,/user/HS401/mn01409/Documents/Dissertation/data/Shenzhen/images/CHNCXR_0414_1.png,1,contrast_minus,1,1,0,0.9481461048126221,0.9416205286979675,-0.006525576114654541,0.006525576114654541,0.8828936262428466,0.6987837732473208,0.43404316135486637
CHNCXR_0414_1,/user/HS401/mn01409/Documents/Dissertation/data/Shenzhen/images/CHNCXR_0414_1.png,1,gaussian_noise,1,1,0,0.9481461048126221,0.9988697171211243,0.0507236123085022,0.0507236123085022,0.7192139343704574,0.47929348304186764,0.19523525908278738
CHNCXR_0414_1,/user/HS401/mn01409/Documents/Dissertation/data/Shenzhen/images/CHNCXR_0414_1.png,1,rotation,1,1,0,0.9481461048126221,0.9626163840293884,0.014470279216766357,0.014470279216766357,0.7326922940296489,0.484425344513674,0.22172166078168756
CHNCXR_0284_0,/user/HS401/mn01409/Documents/Dissertation/data/Shenzhen/images/CHNCXR_0284_0.png,0,brightness_plus,0,0,0,0.21483005583286285,0.14963386952877045,-0.06519618630409241,0.06519618630409241,0.8556695364659063,0.6806691236645144,0.3949673293479772
CHNCXR_0284_0,/user/HS401/mn01409/Documents/Dissertation/data/Shenzhen/images/CHNCXR_0284_0.png,0,brightness_minus,0,0,0,0.21483005583286285,0.29922810196876526,0.0843980461359024,0.0843980461359024,0.8209544913089256,0.5861126629906628,0.3366191554549087
CHNCXR_0284_0,/user/HS401/mn01409/Documents/Dissertation/data/Shenzhen/images/CHNCXR_0284_0.png,0,contrast_plus,0,0,0,0.21483005583286285,0.23112177848815918,0.016291722655296326,0.016291722655296326,0.8780393712589394,0.7138258588537655,0.41943697835620314
CHNCXR_0284_0,/user/HS401/mn01409/Documents/Dissertation/data/Shenzhen/images/CHNCXR_0284_0.png,0,contrast_minus,0,0,0,0.21483005583286285,0.1576664000749588,-0.05716365575790405,0.05716365575790405,0.8835261602939739,0.729281029004579,0.43691822998711155
CHNCXR_0284_0,/user/HS401/mn01409/Documents/Dissertation/data/Shenzhen/images/CHNCXR_0284_0.png,0,gaussian_noise,0,1,1,0.21483005583286285,0.7453798055648804,0.5305497497320175,0.5305497497320175,0.7354609885317114,0.5884796496028848,0.252997002997003
CHNCXR_0284_0,/user/HS401/mn01409/Documents/Dissertation/data/Shenzhen/images/CHNCXR_0284_0.png,0,rotation,0,0,0,0.21483005583286285,0.1294306516647339,-0.08539940416812897,0.08539940416812897,0.7526757809601307,0.5897704331812801,0.2788682131022177
MCUCXR_0021_0,/user/HS401/mn01409/Documents/Dissertation/data/Montgomery/images/MCUCXR_0021_0.png,0,brightness_plus,0,0,0,0.24351538717746735,0.20446011424064636,-0.039055272936820984,0.039055272936820984,0.8654633402453412,0.7085058561662497,0.3722647702407002
MCUCXR_0021_0,/user/HS401/mn01409/Documents/Dissertation/data/Montgomery/images/MCUCXR_0021_0.png,0,brightness_minus,0,0,0,0.24351538717746735,0.12014546990394592,-0.12336991727352142,0.12336991727352142,0.8586144905307818,0.6950296174750902,0.38000275065328015
MCUCXR_0021_0,/user/HS401/mn01409/Documents/Dissertation/data/Montgomery/images/MCUCXR_0021_0.png,0,contrast_plus,0,0,0,0.24351538717746735,0.21446478366851807,-0.02905060350894928,0.02905060350894928,0.8790806893047878,0.7441662152476033,0.39574349700931977
MCUCXR_0021_0,/user/HS401/mn01409/Documents/Dissertation/data/Montgomery/images/MCUCXR_0021_0.png,0,contrast_minus,0,0,0,0.24351538717746735,0.228999525308609,-0.014515861868858337,0.014515861868858337,0.8755958631318786,0.7411661284723695,0.39924696695021616
MCUCXR_0021_0,/user/HS401/mn01409/Documents/Dissertation/data/Montgomery/images/MCUCXR_0021_0.png,0,gaussian_noise,0,0,0,0.24351538717746735,0.04648029804229736,-0.19703508913516998,0.19703508913516998,0.7218738107468359,0.6236797263034143,0.23192142418661757
MCUCXR_0021_0,/user/HS401/mn01409/Documents/Dissertation/data/Montgomery/images/MCUCXR_0021_0.png,0,rotation,0,0,0,0.24351538717746735,0.20229282975196838,-0.04122255742549896,0.04122255742549896,0.7090417489336993,0.6170259511020062,0.2635688200478529
CHNCXR_0583_1,/user/HS401/mn01409/Documents/Dissertation/data/Shenzhen/images/CHNCXR_0583_1.png,1,brightness_plus,1,1,0,0.9877755641937256,0.9850630760192871,-0.0027124881744384766,0.0027124881744384766,0.8356003787390659,0.6158323086125829,0.36220472440944884
CHNCXR_0583_1,/user/HS401/mn01409/Documents/Dissertation/data/Shenzhen/images/CHNCXR_0583_1.png,1,brightness_minus,1,1,0,0.9877755641937256,0.9920885562896729,0.004312992095947266,0.004312992095947266,0.818931331112342,0.5901248771958839,0.3357294994675186
CHNCXR_0583_1,/user/HS401/mn01409/Documents/Dissertation/data/Shenzhen/images/CHNCXR_0583_1.png,1,contrast_plus,1,1,0,0.9877755641937256,0.9919330477714539,0.0041574835777282715,0.0041574835777282715,0.8940635374026823,0.7264646665898165,0.4764567392583873
CHNCXR_0583_1,/user/HS401/mn01409/Documents/Dissertation/data/Shenzhen/images/CHNCXR_0583_1.png,1,contrast_minus,1,1,0,0.9877755641937256,0.9806758165359497,-0.007099747657775879,0.007099747657775879,0.8898682722232487,0.7166223706243962,0.459915611814346
CHNCXR_0583_1,/user/HS401/mn01409/Documents/Dissertation/data/Shenzhen/images/CHNCXR_0583_1.png,1,gaussian_noise,1,1,0,0.9877755641937256,0.9874233603477478,-0.0003522038459777832,0.0003522038459777832,0.7137734980774307,0.5346339663575355,0.22800146860849346
CHNCXR_0583_1,/user/HS401/mn01409/Documents/Dissertation/data/Shenzhen/images/CHNCXR_0583_1.png,1,rotation,1,1,0,0.9877755641937256,0.9944052696228027,0.0066297054290771484,0.0066297054290771484,0.6745878446712409,0.5055190614780318,0.1912620206577229
CHNCXR_0324_0,/user/HS401/mn01409/Documents/Dissertation/data/Shenzhen/images/CHNCXR_0324_0.png,0,brightness_plus,0,0,0,0.004407769069075584,0.005704965908080339,0.001297196839004755,0.001297196839004755,0.8403362297765035,0.607892856191442,0.3481123203009539
CHNCXR_0324_0,/user/HS401/mn01409/Documents/Dissertation/data/Shenzhen/images/CHNCXR_0324_0.png,0,brightness_minus,0,0,0,0.004407769069075584,0.010496853850781918,0.006089084781706333,0.006089084781706333,0.7965793306915229,0.502161464746286,0.28608049218149195
CHNCXR_0324_0,/user/HS401/mn01409/Documents/Dissertation/data/Shenzhen/images/CHNCXR_0324_0.png,0,contrast_plus,0,0,0,0.004407769069075584,0.0060431016609072685,0.0016353325918316841,0.0016353325918316841,0.8729368595669146,0.6849343466916573,0.4078855058229269
CHNCXR_0324_0,/user/HS401/mn01409/Documents/Dissertation/data/Shenzhen/images/CHNCXR_0324_0.png,0,contrast_minus,0,0,0,0.004407769069075584,0.0034754618536680937,-0.0009323072154074907,0.0009323072154074907,0.8679606540536482,0.6807990202067806,0.40946762185700236
CHNCXR_0324_0,/user/HS401/mn01409/Documents/Dissertation/data/Shenzhen/images/CHNCXR_0324_0.png,0,gaussian_noise,0,0,0,0.004407769069075584,0.03186468034982681,0.02745691128075123,0.02745691128075123,0.728309833408348,0.4737115500892444,0.22365853658536586
CHNCXR_0324_0,/user/HS401/mn01409/Documents/Dissertation/data/Shenzhen/images/CHNCXR_0324_0.png,0,rotation,0,0,0,0.004407769069075584,0.015741445124149323,0.011333676055073738,0.011333676055073738,0.743972200884844,0.5179296718660207,0.2473893585280955
CHNCXR_0070_0,/user/HS401/mn01409/Documents/Dissertation/data/Shenzhen/images/CHNCXR_0070_0.png,0,brightness_plus,0,0,0,0.14110110700130463,0.06543648988008499,-0.07566461712121964,0.07566461712121964,0.805130732744205,0.5895322593129265,0.29504388229220446
CHNCXR_0070_0,/user/HS401/mn01409/Documents/Dissertation/data/Shenzhen/images/CHNCXR_0070_0.png,0,brightness_minus,0,0,0,0.14110110700130463,0.1872069537639618,0.046105846762657166,0.046105846762657166,0.7770877062174828,0.4822609329145396,0.23525790963929583
CHNCXR_0070_0,/user/HS401/mn01409/Documents/Dissertation/data/Shenzhen/images/CHNCXR_0070_0.png,0,contrast_plus,0,0,0,0.14110110700130463,0.17317615449428558,0.03207504749298096,0.03207504749298096,0.8542601714044384,0.6620996833701832,0.35833220522539594
CHNCXR_0070_0,/user/HS401/mn01409/Documents/Dissertation/data/Shenzhen/images/CHNCXR_0070_0.png,0,contrast_minus,0,0,0,0.14110110700130463,0.11836507171392441,-0.02273603528738022,0.02273603528738022,0.8503422829920464,0.6740896982356491,0.3685215493726132
CHNCXR_0070_0,/user/HS401/mn01409/Documents/Dissertation/data/Shenzhen/images/CHNCXR_0070_0.png,0,gaussian_noise,0,1,1,0.14110110700130463,0.784068763256073,0.6429676562547684,0.6429676562547684,0.7296187248231077,0.4683669805603106,0.19182800807696876
CHNCXR_0070_0,/user/HS401/mn01409/Documents/Dissertation/data/Shenzhen/images/CHNCXR_0070_0.png,0,rotation,0,1,1,0.14110110700130463,0.5489777326583862,0.4078766256570816,0.4078766256570816,0.7321901605213684,0.4775621761110281,0.18005409855345172
MCUCXR_0001_0,/user/HS401/mn01409/Documents/Dissertation/data/Montgomery/images/MCUCXR_0001_0.png,0,brightness_plus,1,1,0,0.5721801519393921,0.5280759930610657,-0.044104158878326416,0.044104158878326416,0.8486126212794181,0.6858816178238188,0.33537396859196167
MCUCXR_0001_0,/user/HS401/mn01409/Documents/Dissertation/data/Montgomery/images/MCUCXR_0001_0.png,0,brightness_minus,1,1,0,0.5721801519393921,0.5444324016571045,-0.027747750282287598,0.027747750282287598,0.8494394955067235,0.7122926867008259,0.37113965564361845
MCUCXR_0001_0,/user/HS401/mn01409/Documents/Dissertation/data/Montgomery/images/MCUCXR_0001_0.png,0,contrast_plus,1,1,0,0.5721801519393921,0.5897265672683716,0.017546415328979492,0.017546415328979492,0.8800684574692093,0.756925014452776,0.39866183440200725
MCUCXR_0001_0,/user/HS401/mn01409/Documents/Dissertation/data/Montgomery/images/MCUCXR_0001_0.png,0,contrast_minus,1,1,0,0.5721801519393921,0.5320855379104614,-0.040094614028930664,0.040094614028930664,0.8858153731857509,0.7677712755568707,0.409863706617957
MCUCXR_0001_0,/user/HS401/mn01409/Documents/Dissertation/data/Montgomery/images/MCUCXR_0001_0.png,0,gaussian_noise,1,0,1,0.5721801519393921,0.3521299362182617,-0.22005021572113037,0.22005021572113037,0.7208677015838462,0.6038496529898517,0.1926779983359087
MCUCXR_0001_0,/user/HS401/mn01409/Documents/Dissertation/data/Montgomery/images/MCUCXR_0001_0.png,0,rotation,1,0,1,0.5721801519393921,0.15348699688911438,-0.4186931550502777,0.4186931550502777,0.7204615180095454,0.5903022817228103,0.2076062101335901
CHNCXR_0148_0,/user/HS401/mn01409/Documents/Dissertation/data/Shenzhen/images/CHNCXR_0148_0.png,0,brightness_plus,0,0,0,0.0005550854257307947,0.000596727360971272,4.1641935240477324e-05,4.1641935240477324e-05,0.8418679987340253,0.6273280392454981,0.3400106837606838
CHNCXR_0148_0,/user/HS401/mn01409/Documents/Dissertation/data/Shenzhen/images/CHNCXR_0148_0.png,0,brightness_minus,0,0,0,0.0005550854257307947,0.0010937575716525316,0.000538672145921737,0.000538672145921737,0.7979349255089838,0.524836766530001,0.28410545175326335
CHNCXR_0148_0,/user/HS401/mn01409/Documents/Dissertation/data/Shenzhen/images/CHNCXR_0148_0.png,0,contrast_plus,0,0,0,0.0005550854257307947,0.0008141947910189629,0.0002591093652881682,0.0002591093652881682,0.8563665684974614,0.6901056612307229,0.37095231589014893
CHNCXR_0148_0,/user/HS401/mn01409/Documents/Dissertation/data/Shenzhen/images/CHNCXR_0148_0.png,0,contrast_minus,0,0,0,0.0005550854257307947,0.0003746891743503511,-0.00018039625138044357,0.00018039625138044357,0.8683668508803836,0.7049822244589636,0.3781074028292817
CHNCXR_0148_0,/user/HS401/mn01409/Documents/Dissertation/data/Shenzhen/images/CHNCXR_0148_0.png,0,gaussian_noise,0,0,0,0.0005550854257307947,0.011072160676121712,0.010517075250390917,0.010517075250390917,0.7174481606034488,0.5344765986856165,0.19423946679362056
CHNCXR_0148_0,/user/HS401/mn01409/Documents/Dissertation/data/Shenzhen/images/CHNCXR_0148_0.png,0,rotation,0,0,0,0.0005550854257307947,0.0005024274578318,-5.2657967898994684e-05,5.2657967898994684e-05,0.7390659294075149,0.49823942233180823,0.17922200023504525
MCUCXR_0038_0,/user/HS401/mn01409/Documents/Dissertation/data/Montgomery/images/MCUCXR_0038_0.png,0,brightness_plus,0,0,0,0.11993736028671265,0.09985686838626862,-0.02008049190044403,0.02008049190044403,0.8397282467848101,0.6911542317114874,0.3328905419766206
MCUCXR_0038_0,/user/HS401/mn01409/Documents/Dissertation/data/Montgomery/images/MCUCXR_0038_0.png,0,brightness_minus,0,0,0,0.11993736028671265,0.1069265753030777,-0.013010784983634949,0.013010784983634949,0.842630588744089,0.7146273990971302,0.3328905419766206
MCUCXR_0038_0,/user/HS401/mn01409/Documents/Dissertation/data/Montgomery/images/MCUCXR_0038_0.png,0,contrast_plus,0,0,0,0.11993736028671265,0.13962221145629883,0.01968485116958618,0.01968485116958618,0.8596053066938649,0.73870373253226,0.35980485160590864
MCUCXR_0038_0,/user/HS401/mn01409/Documents/Dissertation/data/Montgomery/images/MCUCXR_0038_0.png,0,contrast_minus,0,0,0,0.11993736028671265,0.11019265651702881,-0.009744703769683838,0.009744703769683838,0.8532531471006303,0.7438214731212889,0.3574134199134199
MCUCXR_0038_0,/user/HS401/mn01409/Documents/Dissertation/data/Montgomery/images/MCUCXR_0038_0.png,0,gaussian_noise,0,0,0,0.11993736028671265,0.39304354786872864,0.273106187582016,0.273106187582016,0.7395241342051914,0.605852293588405,0.19466603167043695
MCUCXR_0038_0,/user/HS401/mn01409/Documents/Dissertation/data/Montgomery/images/MCUCXR_0038_0.png,0,rotation,0,0,0,0.11993736028671265,0.13998723030090332,0.020049870014190674,0.020049870014190674,0.7276039653938468,0.5858879378734736,0.21008200675349734
CHNCXR_0334_1,/user/HS401/mn01409/Documents/Dissertation/data/Shenzhen/images/CHNCXR_0334_1.png,1,brightness_plus,0,0,0,0.007220222614705563,0.004338846076279879,-0.002881376538425684,0.002881376538425684,0.8060114046833906,0.5919581880630276,0.3058302967204581
CHNCXR_0334_1,/user/HS401/mn01409/Documents/Dissertation/data/Shenzhen/images/CHNCXR_0334_1.png,1,brightness_minus,0,0,0,0.007220222614705563,0.01525043323636055,0.008030210621654987,0.008030210621654987,0.7791845522296718,0.5108561944051734,0.28888888888888886
CHNCXR_0334_1,/user/HS401/mn01409/Documents/Dissertation/data/Shenzhen/images/CHNCXR_0334_1.png,1,contrast_plus,0,0,0,0.007220222614705563,0.007413231767714024,0.000193009153008461,0.000193009153008461,0.8741623344556235,0.681548174764045,0.4004187020237264
CHNCXR_0334_1,/user/HS401/mn01409/Documents/Dissertation/data/Shenzhen/images/CHNCXR_0334_1.png,1,contrast_minus,0,0,0,0.007220222614705563,0.0057581569999456406,-0.001462065614759922,0.001462065614759922,0.8729042569559139,0.6880170862200562,0.4017882089969265
CHNCXR_0334_1,/user/HS401/mn01409/Documents/Dissertation/data/Shenzhen/images/CHNCXR_0334_1.png,1,gaussian_noise,0,0,0,0.007220222614705563,0.049981068819761276,0.042760846205055714,0.042760846205055714,0.7162722741577581,0.5083264688272877,0.2124214596423393
CHNCXR_0334_1,/user/HS401/mn01409/Documents/Dissertation/data/Shenzhen/images/CHNCXR_0334_1.png,1,rotation,0,0,0,0.007220222614705563,0.03887743502855301,0.031657212413847446,0.031657212413847446,0.6859360680808724,0.525088023854168,0.20441723682631135
CHNCXR_0204_0,/user/HS401/mn01409/Documents/Dissertation/data/Shenzhen/images/CHNCXR_0204_0.png,0,brightness_plus,0,0,0,0.053480129688978195,0.04229779168963432,-0.011182337999343872,0.011182337999343872,0.8387949680024311,0.6165145142418004,0.37039060366020216
CHNCXR_0204_0,/user/HS401/mn01409/Documents/Dissertation/data/Shenzhen/images/CHNCXR_0204_0.png,0,brightness_minus,0,0,0,0.053480129688978195,0.07808826118707657,0.024608131498098373,0.024608131498098373,0.8628923107648191,0.6451730212932494,0.42205215419501135
CHNCXR_0204_0,/user/HS401/mn01409/Documents/Dissertation/data/Shenzhen/images/CHNCXR_0204_0.png,0,contrast_plus,0,0,0,0.053480129688978195,0.053511690348386765,3.1560659408569336e-05,3.1560659408569336e-05,0.9029718399138101,0.7435875686333002,0.5023207066926186
CHNCXR_0204_0,/user/HS401/mn01409/Documents/Dissertation/data/Shenzhen/images/CHNCXR_0204_0.png,0,contrast_minus,0,0,0,0.053480129688978195,0.0372750498354435,-0.0162050798535347,0.0162050798535347,0.9121211427431739,0.7486203549622783,0.5237661351556568
CHNCXR_0204_0,/user/HS401/mn01409/Documents/Dissertation/data/Shenzhen/images/CHNCXR_0204_0.png,0,gaussian_noise,0,0,0,0.053480129688978195,0.053074490278959274,-0.0004056394100189209,0.0004056394100189209,0.7283321082431172,0.5642941640752113,0.26532156368221943
CHNCXR_0204_0,/user/HS401/mn01409/Documents/Dissertation/data/Shenzhen/images/CHNCXR_0204_0.png,0,rotation,0,0,0,0.053480129688978195,0.16536682844161987,0.11188669875264168,0.11188669875264168,0.6682797104844992,0.5216593243094721,0.22725048923679061
MCUCXR_0028_0,/user/HS401/mn01409/Documents/Dissertation/data/Montgomery/images/MCUCXR_0028_0.png,0,brightness_plus,0,0,0,0.0059290677309036255,0.006949074566364288,0.0010200068354606628,0.0010200068354606628,0.8378399952079514,0.6998528844598504,0.3274242624685805
MCUCXR_0028_0,/user/HS401/mn01409/Documents/Dissertation/data/Montgomery/images/MCUCXR_0028_0.png,0,brightness_minus,0,0,0,0.0059290677309036255,0.004248817451298237,-0.0016802502796053886,0.0016802502796053886,0.8506983541955586,0.6978958474865423,0.32724867724867723
MCUCXR_0028_0,/user/HS401/mn01409/Documents/Dissertation/data/Montgomery/images/MCUCXR_0028_0.png,0,contrast_plus,0,0,0,0.0059290677309036255,0.00731048034504056,0.0013814126141369343,0.0013814126141369343,0.8566365327783735,0.7291941546659959,0.3614654002713704
MCUCXR_0028_0,/user/HS401/mn01409/Documents/Dissertation/data/Montgomery/images/MCUCXR_0028_0.png,0,contrast_minus,0,0,0,0.0059290677309036255,0.004864194430410862,-0.0010648733004927635,0.0010648733004927635,0.8577119025795293,0.7281843667406089,0.34072688401924106
MCUCXR_0028_0,/user/HS401/mn01409/Documents/Dissertation/data/Montgomery/images/MCUCXR_0028_0.png,0,gaussian_noise,0,0,0,0.0059290677309036255,0.010659277439117432,0.004730209708213806,0.004730209708213806,0.730070052868446,0.5865494088378522,0.16471271038885665
MCUCXR_0028_0,/user/HS401/mn01409/Documents/Dissertation/data/Montgomery/images/MCUCXR_0028_0.png,0,rotation,0,0,0,0.0059290677309036255,0.019310787320137024,0.013381719589233398,0.013381719589233398,0.7322310618099853,0.5972605926835604,0.21139683689484487
CHNCXR_0577_1,/user/HS401/mn01409/Documents/Dissertation/data/Shenzhen/images/CHNCXR_0577_1.png,1,brightness_plus,1,1,0,0.9401734471321106,0.927660346031189,-0.01251310110092163,0.01251310110092163,0.7761087415017954,0.5137188325567508,0.26340972047343236
CHNCXR_0577_1,/user/HS401/mn01409/Documents/Dissertation/data/Shenzhen/images/CHNCXR_0577_1.png,1,brightness_minus,1,1,0,0.9401734471321106,0.945098340511322,0.004924893379211426,0.004924893379211426,0.8506496269279264,0.5819738540040436,0.35870006770480706
CHNCXR_0577_1,/user/HS401/mn01409/Documents/Dissertation/data/Shenzhen/images/CHNCXR_0577_1.png,1,contrast_plus,1,1,0,0.9401734471321106,0.9353581666946411,-0.004815280437469482,0.004815280437469482,0.8841359446119048,0.6856204261429122,0.4168314035583169
CHNCXR_0577_1,/user/HS401/mn01409/Documents/Dissertation/data/Shenzhen/images/CHNCXR_0577_1.png,1,contrast_minus,1,1,0,0.9401734471321106,0.9378851652145386,-0.0022882819175720215,0.0022882819175720215,0.8682773574720056,0.678369864558064,0.3976877002368018
CHNCXR_0577_1,/user/HS401/mn01409/Documents/Dissertation/data/Shenzhen/images/CHNCXR_0577_1.png,1,gaussian_noise,1,1,0,0.9401734471321106,0.9225397706031799,-0.017633676528930664,0.017633676528930664,0.7072076822645583,0.5490004219667408,0.21374138139591145
CHNCXR_0577_1,/user/HS401/mn01409/Documents/Dissertation/data/Shenzhen/images/CHNCXR_0577_1.png,1,rotation,1,1,0,0.9401734471321106,0.9707710146903992,0.030597567558288574,0.030597567558288574,0.686336077351037,0.5131361783733093,0.20081378650071804
MCUCXR_0072_0,/user/HS401/mn01409/Documents/Dissertation/data/Montgomery/images/MCUCXR_0072_0.png,0,brightness_plus,0,0,0,0.0059278616681694984,0.005340236239135265,-0.0005876254290342331,0.0005876254290342331,0.8331412631315634,0.6748100366794147,0.32304852320675104
MCUCXR_0072_0,/user/HS401/mn01409/Documents/Dissertation/data/Montgomery/images/MCUCXR_0072_0.png,0,brightness_minus,0,0,0,0.0059278616681694984,0.00724590290337801,0.0013180412352085114,0.0013180412352085114,0.8355461732760531,0.6906389764608951,0.33679722888355984
MCUCXR_0072_0,/user/HS401/mn01409/Documents/Dissertation/data/Montgomery/images/MCUCXR_0072_0.png,0,contrast_plus,0,0,0,0.0059278616681694984,0.00573316216468811,-0.0001946995034813881,0.0001946995034813881,0.860571613225885,0.7255060032181556,0.37076502732240435
MCUCXR_0072_0,/user/HS401/mn01409/Documents/Dissertation/data/Montgomery/images/MCUCXR_0072_0.png,0,contrast_minus,0,0,0,0.0059278616681694984,0.006501121446490288,0.0005732597783207893,0.0005732597783207893,0.8624190128781393,0.739254145759705,0.38095238095238093
MCUCXR_0072_0,/user/HS401/mn01409/Documents/Dissertation/data/Montgomery/images/MCUCXR_0072_0.png,0,gaussian_noise,0,0,0,0.0059278616681694984,0.15122653543949127,0.14529867377132177,0.14529867377132177,0.7058547365013969,0.5635824788277015,0.1826968411126827
MCUCXR_0072_0,/user/HS401/mn01409/Documents/Dissertation/data/Montgomery/images/MCUCXR_0072_0.png,0,rotation,0,0,0,0.0059278616681694984,0.009758859872817993,0.0038309982046484947,0.0038309982046484947,0.7222049800529347,0.569723346573186,0.20340609258815062
CHNCXR_0291_0,/user/HS401/mn01409/Documents/Dissertation/data/Shenzhen/images/CHNCXR_0291_0.png,0,brightness_plus,0,0,0,0.375343382358551,0.30541202425956726,-0.06993135809898376,0.06993135809898376,0.8564959431867427,0.5626943497324541,0.3739559085307408
CHNCXR_0291_0,/user/HS401/mn01409/Documents/Dissertation/data/Shenzhen/images/CHNCXR_0291_0.png,0,brightness_minus,0,0,0,0.375343382358551,0.34599611163139343,-0.029347270727157593,0.029347270727157593,0.8284411298040478,0.5127874002882432,0.4015924011733482
CHNCXR_0291_0,/user/HS401/mn01409/Documents/Dissertation/data/Shenzhen/images/CHNCXR_0291_0.png,0,contrast_plus,0,0,0,0.375343382358551,0.37913620471954346,0.0037928223609924316,0.0037928223609924316,0.8954414272030545,0.6876208160699779,0.4856381403612674
CHNCXR_0291_0,/user/HS401/mn01409/Documents/Dissertation/data/Shenzhen/images/CHNCXR_0291_0.png,0,contrast_minus,0,0,0,0.375343382358551,0.33093661069869995,-0.044406771659851074,0.044406771659851074,0.89658430424508,0.68339387463243,0.48147054481027607
CHNCXR_0291_0,/user/HS401/mn01409/Documents/Dissertation/data/Shenzhen/images/CHNCXR_0291_0.png,0,gaussian_noise,0,1,1,0.375343382358551,0.6186840534210205,0.24334067106246948,0.24334067106246948,0.7159885775341073,0.5026163614447249,0.2823003194888179
CHNCXR_0291_0,/user/HS401/mn01409/Documents/Dissertation/data/Shenzhen/images/CHNCXR_0291_0.png,0,rotation,0,1,1,0.375343382358551,0.5382884740829468,0.16294509172439575,0.16294509172439575,0.6746081862278952,0.4693638111086487,0.24383289946696418
CHNCXR_0440_1,/user/HS401/mn01409/Documents/Dissertation/data/Shenzhen/images/CHNCXR_0440_1.png,1,brightness_plus,0,0,0,0.06351068615913391,0.18614719808101654,0.12263651192188263,0.12263651192188263,0.8697517129929692,0.7403837318498067,0.41443473357767124
CHNCXR_0440_1,/user/HS401/mn01409/Documents/Dissertation/data/Shenzhen/images/CHNCXR_0440_1.png,1,brightness_minus,0,0,0,0.06351068615913391,0.036865413188934326,-0.026645272970199585,0.026645272970199585,0.8037005727551007,0.6394424583792986,0.3106060606060606
CHNCXR_0440_1,/user/HS401/mn01409/Documents/Dissertation/data/Shenzhen/images/CHNCXR_0440_1.png,1,contrast_plus,0,0,0,0.06351068615913391,0.10209818929433823,0.038587503135204315,0.038587503135204315,0.8967743764201931,0.7605435750015906,0.4437410071942446
CHNCXR_0440_1,/user/HS401/mn01409/Documents/Dissertation/data/Shenzhen/images/CHNCXR_0440_1.png,1,contrast_minus,0,0,0,0.06351068615913391,0.03708824887871742,-0.02642243728041649,0.02642243728041649,0.9032324625370001,0.777865505956862,0.4723404255319149
CHNCXR_0440_1,/user/HS401/mn01409/Documents/Dissertation/data/Shenzhen/images/CHNCXR_0440_1.png,1,gaussian_noise,0,0,0,0.06351068615913391,0.03607698529958725,-0.02743370085954666,0.02743370085954666,0.7137944982501297,0.5762551016654217,0.18158266603862458
CHNCXR_0440_1,/user/HS401/mn01409/Documents/Dissertation/data/Shenzhen/images/CHNCXR_0440_1.png,1,rotation,0,0,0,0.06351068615913391,0.1990470588207245,0.13553637266159058,0.13553637266159058,0.7297087699748822,0.5961749602615103,0.22246588693957114
CHNCXR_0388_1,/user/HS401/mn01409/Documents/Dissertation/data/Shenzhen/images/CHNCXR_0388_1.png,1,brightness_plus,1,1,0,0.999981164932251,0.9999772310256958,-3.933906555175781e-06,3.933906555175781e-06,0.7841780366044345,0.5201517171376661,0.2765903307888041
CHNCXR_0388_1,/user/HS401/mn01409/Documents/Dissertation/data/Shenzhen/images/CHNCXR_0388_1.png,1,brightness_minus,1,1,0,0.999981164932251,0.9999767541885376,-4.410743713378906e-06,4.410743713378906e-06,0.7917034748735693,0.5148382850931733,0.28988301838282554
CHNCXR_0388_1,/user/HS401/mn01409/Documents/Dissertation/data/Shenzhen/images/CHNCXR_0388_1.png,1,contrast_plus,1,1,0,0.999981164932251,0.9999741315841675,-7.033348083496094e-06,7.033348083496094e-06,0.8577706870223533,0.6466821539957042,0.38209366391184574
CHNCXR_0388_1,/user/HS401/mn01409/Documents/Dissertation/data/Shenzhen/images/CHNCXR_0388_1.png,1,contrast_minus,1,1,0,0.999981164932251,0.9999819993972778,8.344650268554688e-07,8.344650268554688e-07,0.8645015769479197,0.6508848134000919,0.3924507354981959
CHNCXR_0388_1,/user/HS401/mn01409/Documents/Dissertation/data/Shenzhen/images/CHNCXR_0388_1.png,1,gaussian_noise,1,1,0,0.999981164932251,0.9999850988388062,3.933906555175781e-06,3.933906555175781e-06,0.739461742712401,0.5015994241674169,0.22845249755142016
CHNCXR_0388_1,/user/HS401/mn01409/Documents/Dissertation/data/Shenzhen/images/CHNCXR_0388_1.png,1,rotation,1,1,0,0.999981164932251,0.999987006187439,5.841255187988281e-06,5.841255187988281e-06,0.6862868231102418,0.43795414946376504,0.18005409855345172
MCUCXR_0243_1,/user/HS401/mn01409/Documents/Dissertation/data/Montgomery/images/MCUCXR_0243_1.png,1,brightness_plus,1,1,0,0.6869316101074219,0.5706709027290344,-0.11626070737838745,0.11626070737838745,0.8487550830746504,0.6601760938052766,0.4289376246083737
MCUCXR_0243_1,/user/HS401/mn01409/Documents/Dissertation/data/Montgomery/images/MCUCXR_0243_1.png,1,brightness_minus,1,1,0,0.6869316101074219,0.7723284959793091,0.08539688587188721,0.08539688587188721,0.8895654789814307,0.7350297163478582,0.47732626619552415
MCUCXR_0243_1,/user/HS401/mn01409/Documents/Dissertation/data/Montgomery/images/MCUCXR_0243_1.png,1,contrast_plus,1,1,0,0.6869316101074219,0.7531681060791016,0.06623649597167969,0.06623649597167969,0.8905883788534232,0.7610573407353125,0.48190813764584256
MCUCXR_0243_1,/user/HS401/mn01409/Documents/Dissertation/data/Montgomery/images/MCUCXR_0243_1.png,1,contrast_minus,1,1,0,0.6869316101074219,0.6585305333137512,-0.028401076793670654,0.028401076793670654,0.9013385818646332,0.7773461483615208,0.4980591221260078
MCUCXR_0243_1,/user/HS401/mn01409/Documents/Dissertation/data/Montgomery/images/MCUCXR_0243_1.png,1,gaussian_noise,1,1,0,0.6869316101074219,0.9688634872436523,0.28193187713623047,0.28193187713623047,0.7195229956063536,0.6485017693217532,0.26996582711049233
MCUCXR_0243_1,/user/HS401/mn01409/Documents/Dissertation/data/Montgomery/images/MCUCXR_0243_1.png,1,rotation,1,1,0,0.6869316101074219,0.84468674659729,0.15775513648986816,0.15775513648986816,0.7057986611592459,0.6240418524039624,0.2673992673992674
CHNCXR_0593_1,/user/HS401/mn01409/Documents/Dissertation/data/Shenzhen/images/CHNCXR_0593_1.png,1,brightness_plus,1,1,0,0.6735327243804932,0.679885983467102,0.006353259086608887,0.006353259086608887,0.8366914288792576,0.5444706282580772,0.3926439972241499
CHNCXR_0593_1,/user/HS401/mn01409/Documents/Dissertation/data/Shenzhen/images/CHNCXR_0593_1.png,1,brightness_minus,1,1,0,0.6735327243804932,0.6846140623092651,0.011081337928771973,0.011081337928771973,0.863853028222777,0.573820798249118,0.4497904927033666
CHNCXR_0593_1,/user/HS401/mn01409/Documents/Dissertation/data/Shenzhen/images/CHNCXR_0593_1.png,1,contrast_plus,1,1,0,0.6735327243804932,0.7202167510986328,0.04668402671813965,0.04668402671813965,0.9257397672689696,0.7204159654012624,0.5658551810237203
CHNCXR_0593_1,/user/HS401/mn01409/Documents/Dissertation/data/Shenzhen/images/CHNCXR_0593_1.png,1,contrast_minus,1,1,0,0.6735327243804932,0.5695221424102783,-0.10401058197021484,0.10401058197021484,0.91222566858431,0.6982899778463886,0.5467858794512102
CHNCXR_0593_1,/user/HS401/mn01409/Documents/Dissertation/data/Shenzhen/images/CHNCXR_0593_1.png,1,gaussian_noise,1,1,0,0.6735327243804932,0.9486590623855591,0.2751263380050659,0.2751263380050659,0.7306188869088674,0.5562089841097988,0.3297111052213093
CHNCXR_0593_1,/user/HS401/mn01409/Documents/Dissertation/data/Shenzhen/images/CHNCXR_0593_1.png,1,rotation,1,1,0,0.6735327243804932,0.8369598984718323,0.1634271740913391,0.1634271740913391,0.6906856748947879,0.5027508196602335,0.269805112629714
CHNCXR_0001_0,/user/HS401/mn01409/Documents/Dissertation/data/Shenzhen/images/CHNCXR_0001_0.png,0,brightness_plus,0,0,0,0.001108950818888843,0.0008983847801573575,-0.0002105660387314856,0.0002105660387314856,0.843737797773743,0.6365540481029809,0.3722647702407002
CHNCXR_0001_0,/user/HS401/mn01409/Documents/Dissertation/data/Shenzhen/images/CHNCXR_0001_0.png,0,brightness_minus,0,0,0,0.001108950818888843,0.0031407943461090326,0.0020318435272201896,0.0020318435272201896,0.7479476892355297,0.461942140101184,0.25034267912772584
CHNCXR_0001_0,/user/HS401/mn01409/Documents/Dissertation/data/Shenzhen/images/CHNCXR_0001_0.png,0,contrast_plus,0,0,0,0.001108950818888843,0.0012014106614515185,9.245984256267548e-05,9.245984256267548e-05,0.8730165272301527,0.6951397205024061,0.42003962637984715
CHNCXR_0001_0,/user/HS401/mn01409/Documents/Dissertation/data/Shenzhen/images/CHNCXR_0001_0.png,0,contrast_minus,0,0,0,0.001108950818888843,0.0007521717925556004,-0.00035677902633324265,0.00035677902633324265,0.8599409626720499,0.6952246475766943,0.4162314749470713
CHNCXR_0001_0,/user/HS401/mn01409/Documents/Dissertation/data/Shenzhen/images/CHNCXR_0001_0.png,0,gaussian_noise,0,0,0,0.001108950818888843,0.21589292585849762,0.21478397503960878,0.21478397503960878,0.696497228846778,0.5137740424768775,0.20833333333333334
CHNCXR_0001_0,/user/HS401/mn01409/Documents/Dissertation/data/Shenzhen/images/CHNCXR_0001_0.png,0,rotation,0,0,0,0.001108950818888843,0.0018386846641078591,0.0007297338452190161,0.0007297338452190161,0.7161581052670043,0.5572876895079345,0.2212755598831548
CHNCXR_0195_0,/user/HS401/mn01409/Documents/Dissertation/data/Shenzhen/images/CHNCXR_0195_0.png,0,brightness_plus,0,0,0,0.0008102846913971007,0.0005945343291386962,-0.0002157503622584045,0.0002157503622584045,0.8085011072117005,0.5281893788208557,0.30430261276485115
CHNCXR_0195_0,/user/HS401/mn01409/Documents/Dissertation/data/Shenzhen/images/CHNCXR_0195_0.png,0,brightness_minus,0,0,0,0.0008102846913971007,0.0011812925804406404,0.00037100788904353976,0.00037100788904353976,0.8077332206663544,0.5408911548527899,0.3032861410572802
CHNCXR_0195_0,/user/HS401/mn01409/Documents/Dissertation/data/Shenzhen/images/CHNCXR_0195_0.png,0,contrast_plus,0,0,0,0.0008102846913971007,0.0010202786652371287,0.00020999397384002805,0.00020999397384002805,0.8641145610607526,0.6594645679577236,0.3884045938840459
CHNCXR_0195_0,/user/HS401/mn01409/Documents/Dissertation/data/Shenzhen/images/CHNCXR_0195_0.png,0,contrast_minus,0,0,0,0.0008102846913971007,0.0004338520811870694,-0.00037643261021003127,0.00037643261021003127,0.8716737070713654,0.6663866655930238,0.40100530578050825
CHNCXR_0195_0,/user/HS401/mn01409/Documents/Dissertation/data/Shenzhen/images/CHNCXR_0195_0.png,0,gaussian_noise,0,0,0,0.0008102846913971007,0.010734797455370426,0.009924512763973325,0.009924512763973325,0.7407772430071242,0.5433932062163861,0.22142422398052344
CHNCXR_0195_0,/user/HS401/mn01409/Documents/Dissertation/data/Shenzhen/images/CHNCXR_0195_0.png,0,rotation,0,0,0,0.0008102846913971007,0.006432367954403162,0.005622083263006061,0.005622083263006061,0.6960077397745035,0.4749304494149107,0.20009568233464897
CHNCXR_0566_1,/user/HS401/mn01409/Documents/Dissertation/data/Shenzhen/images/CHNCXR_0566_1.png,1,brightness_plus,1,1,0,0.9522783756256104,0.8245680928230286,-0.1277102828025818,0.1277102828025818,0.8438400332899602,0.649253553570873,0.38000275065328015
CHNCXR_0566_1,/user/HS401/mn01409/Documents/Dissertation/data/Shenzhen/images/CHNCXR_0566_1.png,1,brightness_minus,1,1,0,0.9522783756256104,0.9756397604942322,0.023361384868621826,0.023361384868621826,0.7899659573739926,0.5845817623772518,0.33679722888355984
CHNCXR_0566_1,/user/HS401/mn01409/Documents/Dissertation/data/Shenzhen/images/CHNCXR_0566_1.png,1,contrast_plus,1,1,0,0.9522783756256104,0.9652994871139526,0.013021111488342285,0.013021111488342285,0.8959044193441034,0.733830179251916,0.4836610971462369
CHNCXR_0566_1,/user/HS401/mn01409/Documents/Dissertation/data/Shenzhen/images/CHNCXR_0566_1.png,1,contrast_minus,1,1,0,0.9522783756256104,0.9309146404266357,-0.02136373519897461,0.02136373519897461,0.8926165968918933,0.7408897987618485,0.4736378322808048
CHNCXR_0566_1,/user/HS401/mn01409/Documents/Dissertation/data/Shenzhen/images/CHNCXR_0566_1.png,1,gaussian_noise,1,1,0,0.9522783756256104,0.9625293612480164,0.010250985622406006,0.010250985622406006,0.6997830827507796,0.5500430651211969,0.23267813267813267
CHNCXR_0566_1,/user/HS401/mn01409/Documents/Dissertation/data/Shenzhen/images/CHNCXR_0566_1.png,1,rotation,1,1,0,0.9522783756256104,0.9775601625442505,0.025281786918640137,0.025281786918640137,0.7143453654747841,0.5771311538795042,0.2798469387755102
MCUCXR_0095_0,/user/HS401/mn01409/Documents/Dissertation/data/Montgomery/images/MCUCXR_0095_0.png,0,brightness_plus,0,0,0,0.027750706300139427,0.024091903120279312,-0.003658803179860115,0.003658803179860115,0.8717724196973567,0.6797394513107411,0.44270309130122215
MCUCXR_0095_0,/user/HS401/mn01409/Documents/Dissertation/data/Montgomery/images/MCUCXR_0095_0.png,0,brightness_minus,0,0,0,0.027750706300139427,0.038989417254924774,0.011238710954785347,0.011238710954785347,0.8554142271037805,0.6856626747041541,0.40828070175438597
MCUCXR_0095_0,/user/HS401/mn01409/Documents/Dissertation/data/Montgomery/images/MCUCXR_0095_0.png,0,contrast_plus,0,0,0,0.027750706300139427,0.04362635686993599,0.015875650569796562,0.015875650569796562,0.8772856721609661,0.7507434768400985,0.4784146161779873
MCUCXR_0095_0,/user/HS401/mn01409/Documents/Dissertation/data/Montgomery/images/MCUCXR_0095_0.png,0,contrast_minus,0,0,0,0.027750706300139427,0.025626353919506073,-0.002124352380633354,0.002124352380633354,0.8899656567301357,0.7561716957395495,0.4799410029498525
MCUCXR_0095_0,/user/HS401/mn01409/Documents/Dissertation/data/Montgomery/images/MCUCXR_0095_0.png,0,gaussian_noise,0,0,0,0.027750706300139427,0.09573192894458771,0.06798122264444828,0.06798122264444828,0.7102598845032999,0.5917733520035332,0.25534842987614165
MCUCXR_0095_0,/user/HS401/mn01409/Documents/Dissertation/data/Montgomery/images/MCUCXR_0095_0.png,0,rotation,0,0,0,0.027750706300139427,0.14685064554214478,0.11909993924200535,0.11909993924200535,0.6651674078273565,0.5883748597550505,0.255819774718398
