image_id,image_path,true_label,cnn_prediction,cnn_probability_tb,ridge_probability_tb,dt_regressor_probability_tb,ensemble_probability_tb
CHNCXR_0516_1,/user/HS401/mn01409/Documents/Dissertation/data/Shenzhen/images/CHNCXR_0516_1.png,1,1,0.9999876,1.0,0.995337725346154,0.997668862673077
CHNCXR_0399_1,/user/HS401/mn01409/Documents/Dissertation/data/Shenzhen/images/CHNCXR_0399_1.png,1,1,0.999902,1.0,0.995337725346154,0.997668862673077
CHNCXR_0012_0,/user/HS401/mn01409/Documents/Dissertation/data/Shenzhen/images/CHNCXR_0012_0.png,0,0,0.15494502,0.31788594,0.0247149267830555,0.17130043339152773
CHNCXR_0530_1,/user/HS401/mn01409/Documents/Dissertation/data/Shenzhen/images/CHNCXR_0530_1.png,1,1,0.9999174,1.0,0.995337725346154,0.997668862673077
CHNCXR_0601_1,/user/HS401/mn01409/Documents/Dissertation/data/Shenzhen/images/CHNCXR_0601_1.png,1,1,0.95471436,0.82782084,0.995337725346154,0.911579282673077
CHNCXR_0345_1,/user/HS401/mn01409/Documents/Dissertation/data/Shenzhen/images/CHNCXR_0345_1.png,1,1,0.9830185,1.0,0.995337725346154,0.997668862673077
CHNCXR_0435_1,/user/HS401/mn01409/Documents/Dissertation/data/Shenzhen/images/CHNCXR_0435_1.png,1,1,0.5722677,0.8959224,0.870880044,0.883401222
CHNCXR_0169_0,/user/HS401/mn01409/Documents/Dissertation/data/Shenzhen/images/CHNCXR_0169_0.png,0,0,0.0070482036,0.14321691,0.0040525747711004,0.0736347423855502
CHNCXR_0396_1,/user/HS401/mn01409/Documents/Dissertation/data/Shenzhen/images/CHNCXR_0396_1.png,1,1,0.9998136,1.0,0.995337725346154,0.997668862673077
CHNCXR_0369_1,/user/HS401/mn01409/Documents/Dissertation/data/Shenzhen/images/CHNCXR_0369_1.png,1,1,0.99988806,1.0,0.995337725346154,0.997668862673077
CHNCXR_0020_0,/user/HS401/mn01409/Documents/Dissertation/data/Shenzhen/images/CHNCXR_0020_0.png,0,0,0.35382703,0.74933887,0.715648262,0.732493566
CHNCXR_0583_1,/user/HS401/mn01409/Documents/Dissertation/data/Shenzhen/images/CHNCXR_0583_1.png,1,1,0.99208474,1.0,0.995337725346154,0.997668862673077
MCUCXR_0103_0,/user/HS401/mn01409/Documents/Dissertation/data/Montgomery/images/MCUCXR_0103_0.png,0,0,0.026692921,0.27748403,0.0040525747711004,0.1407683023855502
CHNCXR_0400_1,/user/HS401/mn01409/Documents/Dissertation/data/Shenzhen/images/CHNCXR_0400_1.png,1,0,0.18540683,0.2955506,0.0247149267830555,0.16013276339152774
CHNCXR_0195_0,/user/HS401/mn01409/Documents/Dissertation/data/Shenzhen/images/CHNCXR_0195_0.png,0,0,0.0004969074,0.07302213,0.0040525747711004,0.0385373523855502
CHNCXR_0433_1,/user/HS401/mn01409/Documents/Dissertation/data/Shenzhen/images/CHNCXR_0433_1.png,1,1,0.72405565,0.7526391,0.092020712,0.422329906
CHNCXR_0534_1,/user/HS401/mn01409/Documents/Dissertation/data/Shenzhen/images/CHNCXR_0534_1.png,1,1,0.6540631,0.7935256,0.0247149267830555,0.4091202633915278
CHNCXR_0618_1,/user/HS401/mn01409/Documents/Dissertation/data/Shenzhen/images/CHNCXR_0618_1.png,1,1,0.9854054,0.87828207,0.995337725346154,0.936809897673077
CHNCXR_0070_0,/user/HS401/mn01409/Documents/Dissertation/data/Shenzhen/images/CHNCXR_0070_0.png,0,0,0.16746844,0.27923092,0.0040525747711004,0.1416417473855502
CHNCXR_0388_1,/user/HS401/mn01409/Documents/Dissertation/data/Shenzhen/images/CHNCXR_0388_1.png,1,1,0.99999046,1.0,0.995337725346154,0.997668862673077
CHNCXR_0340_1,/user/HS401/mn01409/Documents/Dissertation/data/Shenzhen/images/CHNCXR_0340_1.png,1,1,0.8509269,0.98387414,0.995337725346154,0.989605932673077
MCUCXR_0017_0,/user/HS401/mn01409/Documents/Dissertation/data/Montgomery/images/MCUCXR_0017_0.png,0,0,0.0005112203,0.48659328,0.0040525747711004,0.2453229273855502
CHNCXR_0172_0,/user/HS401/mn01409/Documents/Dissertation/data/Shenzhen/images/CHNCXR_0172_0.png,0,0,0.0008032849,0.0,0.0040525747711004,0.0020262873855502
CHNCXR_0425_1,/user/HS401/mn01409/Documents/Dissertation/data/Shenzhen/images/CHNCXR_0425_1.png,1,1,0.9986687,0.8129239,0.995337725346154,0.9041308126730769
CHNCXR_0557_1,/user/HS401/mn01409/Documents/Dissertation/data/Shenzhen/images/CHNCXR_0557_1.png,1,1,0.93404585,0.7496685,0.995337725346154,0.8725031126730769
CHNCXR_0083_0,/user/HS401/mn01409/Documents/Dissertation/data/Shenzhen/images/CHNCXR_0083_0.png,0,0,0.0004705404,0.16217688,0.0040525747711004,0.0831147273855502
CHNCXR_0047_0,/user/HS401/mn01409/Documents/Dissertation/data/Shenzhen/images/CHNCXR_0047_0.png,0,0,0.003530737,0.22010013,0.0040525747711004,0.11207635238555021
CHNCXR_0110_0,/user/HS401/mn01409/Documents/Dissertation/data/Shenzhen/images/CHNCXR_0110_0.png,0,0,0.32620728,0.46957368,0.0247149267830555,0.24714430339152774
CHNCXR_0343_1,/user/HS401/mn01409/Documents/Dissertation/data/Shenzhen/images/CHNCXR_0343_1.png,1,1,0.7429896,0.5493491,0.0247149267830555,0.2870320133915278
CHNCXR_0106_0,/user/HS401/mn01409/Documents/Dissertation/data/Shenzhen/images/CHNCXR_0106_0.png,0,0,0.47590458,0.4451824,0.092020712,0.268601556
CHNCXR_0084_0,/user/HS401/mn01409/Documents/Dissertation/data/Shenzhen/images/CHNCXR_0084_0.png,0,0,0.008659875,0.06762552,0.0040525747711004,0.035839047385550195
CHNCXR_0075_0,/user/HS401/mn01409/Documents/Dissertation/data/Shenzhen/images/CHNCXR_0075_0.png,0,0,0.0024232238,0.0,0.0040525747711004,0.0020262873855502
CHNCXR_0415_1,/user/HS401/mn01409/Documents/Dissertation/data/Shenzhen/images/CHNCXR_0415_1.png,1,1,0.8451188,0.67094606,0.995337725346154,0.8331418926730769
CHNCXR_0613_1,/user/HS401/mn01409/Documents/Dissertation/data/Shenzhen/images/CHNCXR_0613_1.png,1,0,0.090989046,0.09600794,0.0247149267830555,0.06036143339152775
CHNCXR_0536_1,/user/HS401/mn01409/Documents/Dissertation/data/Shenzhen/images/CHNCXR_0536_1.png,1,1,0.96955866,0.8207756,0.995337725346154,0.908056662673077
CHNCXR_0406_1,/user/HS401/mn01409/Documents/Dissertation/data/Shenzhen/images/CHNCXR_0406_1.png,1,1,0.99995005,1.0,0.995337725346154,0.997668862673077
CHNCXR_0291_0,/user/HS401/mn01409/Documents/Dissertation/data/Shenzhen/images/CHNCXR_0291_0.png,0,0,0.44453388,0.60237956,0.715648262,0.659013911
MCUCXR_0028_0,/user/HS401/mn01409/Documents/Dissertation/data/Montgomery/images/MCUCXR_0028_0.png,0,0,0.008644047,0.0,0.0040525747711004,0.0020262873855502
CHNCXR_0518_1,/user/HS401/mn01409/Documents/Dissertation/data/Shenzhen/images/CHNCXR_0518_1.png,1,1,0.73392415,0.75922287,0.940191322,0.8497070959999999
CHNCXR_0284_0,/user/HS401/mn01409/Documents/Dissertation/data/Shenzhen/images/CHNCXR_0284_0.png,0,0,0.22659945,0.27009043,0.092020712,0.181055571
CHNCXR_0554_1,/user/HS401/mn01409/Documents/Dissertation/data/Shenzhen/images/CHNCXR_0554_1.png,1,1,0.69935,0.85809845,0.940191322,0.899144886
CHNCXR_0649_1,/user/HS401/mn01409/Documents/Dissertation/data/Shenzhen/images/CHNCXR_0649_1.png,1,1,0.87934065,0.662901,0.995337725346154,0.829119362673077
CHNCXR_0633_1,/user/HS401/mn01409/Documents/Dissertation/data/Shenzhen/images/CHNCXR_0633_1.png,1,0,0.14806727,0.6514629,0.870880044,0.761171472
CHNCXR_0187_0,/user/HS401/mn01409/Documents/Dissertation/data/Shenzhen/images/CHNCXR_0187_0.png,0,0,0.2808403,0.15889871,0.0247149267830555,0.09180681839152775
CHNCXR_0322_0,/user/HS401/mn01409/Documents/Dissertation/data/Shenzhen/images/CHNCXR_0322_0.png,0,0,0.0042983983,0.0,0.0040525747711004,0.0020262873855502
CHNCXR_0103_0,/user/HS401/mn01409/Documents/Dissertation/data/Shenzhen/images/CHNCXR_0103_0.png,0,0,0.005649176,0.0,0.0040525747711004,0.0020262873855502
CHNCXR_0440_1,/user/HS401/mn01409/Documents/Dissertation/data/Shenzhen/images/CHNCXR_0440_1.png,1,0,0.059764035,0.4036159,0.0247149267830555,0.21416541339152775
CHNCXR_0336_1,/user/HS401/mn01409/Documents/Dissertation/data/Shenzhen/images/CHNCXR_0336_1.png,1,1,0.99851626,0.94826823,0.995337725346154,0.971802977673077
MCUCXR_0266_1,/user/HS401/mn01409/Documents/Dissertation/data/Montgomery/images/MCUCXR_0266_1.png,1,1,0.98457885,0.8921826,0.995337725346154,0.9437601626730769
CHNCXR_0158_0,/user/HS401/mn01409/Documents/Dissertation/data/Shenzhen/images/CHNCXR_0158_0.png,0,0,0.046406537,0.14903891,0.34754644646,0.24829267823
CHNCXR_0515_1,/user/HS401/mn01409/Documents/Dissertation/data/Shenzhen/images/CHNCXR_0515_1.png,1,1,0.99969697,0.9505,0.995337725346154,0.9729188626730769
MCUCXR_0079_0,/user/HS401/mn01409/Documents/Dissertation/data/Montgomery/images/MCUCXR_0079_0.png,0,0,0.054713376,0.17257917,0.0247149267830555,0.09864704839152776
CHNCXR_0386_1,/user/HS401/mn01409/Documents/Dissertation/data/Shenzhen/images/CHNCXR_0386_1.png,1,0,0.22127509,0.3574841,0.0247149267830555,0.19109951339152775
CHNCXR_0041_0,/user/HS401/mn01409/Documents/Dissertation/data/Shenzhen/images/CHNCXR_0041_0.png,0,1,0.87645704,0.8129172,0.715648262,0.764282731
CHNCXR_0174_0,/user/HS401/mn01409/Documents/Dissertation/data/Shenzhen/images/CHNCXR_0174_0.png,0,0,0.2057843,0.32049894,0.0247149267830555,0.17260693339152774
CHNCXR_0540_1,/user/HS401/mn01409/Documents/Dissertation/data/Shenzhen/images/CHNCXR_0540_1.png,1,1,0.9347154,0.6200429,0.995337725346154,0.807690312673077
CHNCXR_0568_1,/user/HS401/mn01409/Documents/Dissertation/data/Shenzhen/images/CHNCXR_0568_1.png,1,1,0.99994063,0.9691471,0.995337725346154,0.982242412673077
CHNCXR_0131_0,/user/HS401/mn01409/Documents/Dissertation/data/Shenzhen/images/CHNCXR_0131_0.png,0,0,0.00065463607,0.0,0.0040525747711004,0.0020262873855502
CHNCXR_0456_1,/user/HS401/mn01409/Documents/Dissertation/data/Shenzhen/images/CHNCXR_0456_1.png,1,0,0.18638584,0.46816584,0.0040525747711004,0.2361092073855502
CHNCXR_0414_1,/user/HS401/mn01409/Documents/Dissertation/data/Shenzhen/images/CHNCXR_0414_1.png,1,1,0.9496687,0.9042491,0.995337725346154,0.9497934126730769
CHNCXR_0566_1,/user/HS401/mn01409/Documents/Dissertation/data/Shenzhen/images/CHNCXR_0566_1.png,1,1,0.9348093,0.5979817,0.995337725346154,0.796659712673077
CHNCXR_0247_0,/user/HS401/mn01409/Documents/Dissertation/data/Shenzhen/images/CHNCXR_0247_0.png,0,0,0.00404018,0.13440236,0.0040525747711004,0.0692274673855502
CHNCXR_0470_1,/user/HS401/mn01409/Documents/Dissertation/data/Shenzhen/images/CHNCXR_0470_1.png,1,1,0.98696405,0.8716591,0.995337725346154,0.933498412673077
MCUCXR_0091_0,/user/HS401/mn01409/Documents/Dissertation/data/Montgomery/images/MCUCXR_0091_0.png,0,1,0.8368748,0.7075975,0.940191322,0.8238944109999999
CHNCXR_0130_0,/user/HS401/mn01409/Documents/Dissertation/data/Shenzhen/images/CHNCXR_0130_0.png,0,0,0.0028053068,0.0,0.0247149267830555,0.01235746339152775
CHNCXR_0468_1,/user/HS401/mn01409/Documents/Dissertation/data/Shenzhen/images/CHNCXR_0468_1.png,1,1,0.99830186,1.0,0.995337725346154,0.997668862673077
CHNCXR_0339_1,/user/HS401/mn01409/Documents/Dissertation/data/Shenzhen/images/CHNCXR_0339_1.png,1,1,0.9960537,0.8114006,0.995337725346154,0.903369162673077
CHNCXR_0022_0,/user/HS401/mn01409/Documents/Dissertation/data/Shenzhen/images/CHNCXR_0022_0.png,0,0,0.03549471,0.25565314,0.0247149267830555,0.14018403339152774
CHNCXR_0596_1,/user/HS401/mn01409/Documents/Dissertation/data/Shenzhen/images/CHNCXR_0596_1.png,1,1,0.99917465,0.9311992,0.995337725346154,0.963268462673077
CHNCXR_0648_1,/user/HS401/mn01409/Documents/Dissertation/data/Shenzhen/images/CHNCXR_0648_1.png,1,1,0.99964345,1.0,0.995337725346154,0.997668862673077
CHNCXR_0424_1,/user/HS401/mn01409/Documents/Dissertation/data/Shenzhen/images/CHNCXR_0424_1.png,1,1,0.9953485,0.9117032,0.995337725346154,0.953520462673077
CHNCXR_0334_1,/user/HS401/mn01409/Documents/Dissertation/data/Shenzhen/images/CHNCXR_0334_1.png,1,0,0.007353459,0.0,0.0040525747711004,0.0020262873855502
MCUCXR_0021_0,/user/HS401/mn01409/Documents/Dissertation/data/Montgomery/images/MCUCXR_0021_0.png,0,0,0.22662385,0.730523,0.34754644646,0.53903472323
CHNCXR_0360_1,/user/HS401/mn01409/Documents/Dissertation/data/Shenzhen/images/CHNCXR_0360_1.png,1,1,0.9997583,1.0,0.995337725346154,0.997668862673077
CHNCXR_0577_1,/user/HS401/mn01409/Documents/Dissertation/data/Shenzhen/images/CHNCXR_0577_1.png,1,1,0.937251,0.66207814,0.715648262,0.688863201
CHNCXR_0494_1,/user/HS401/mn01409/Documents/Dissertation/data/Shenzhen/images/CHNCXR_0494_1.png,1,1,0.65408576,0.7061497,0.0247149267830555,0.36543231339152776
CHNCXR_0059_0,/user/HS401/mn01409/Documents/Dissertation/data/Shenzhen/images/CHNCXR_0059_0.png,0,0,0.015757797,0.07352388,0.0040525747711004,0.0387882273855502
CHNCXR_0352_1,/user/HS401/mn01409/Documents/Dissertation/data/Shenzhen/images/CHNCXR_0352_1.png,1,1,0.94451386,0.8756678,0.995337725346154,0.935502762673077
CHNCXR_0001_0,/user/HS401/mn01409/Documents/Dissertation/data/Shenzhen/images/CHNCXR_0001_0.png,0,0,0.0009861772,0.19459352,0.0040525747711004,0.0993230473855502
CHNCXR_0034_0,/user/HS401/mn01409/Documents/Dissertation/data/Shenzhen/images/CHNCXR_0034_0.png,0,1,0.6110957,0.4106633,0.0247149267830555,0.21768911339152774
CHNCXR_0162_0,/user/HS401/mn01409/Documents/Dissertation/data/Shenzhen/images/CHNCXR_0162_0.png,0,0,0.0022818497,0.0,0.0040525747711004,0.0020262873855502
CHNCXR_0428_1,/user/HS401/mn01409/Documents/Dissertation/data/Shenzhen/images/CHNCXR_0428_1.png,1,1,0.97075677,0.9251545,0.995337725346154,0.960246112673077
CHNCXR_0076_0,/user/HS401/mn01409/Documents/Dissertation/data/Shenzhen/images/CHNCXR_0076_0.png,0,0,0.0060249725,0.0,0.0040525747711004,0.0020262873855502
CHNCXR_0303_0,/user/HS401/mn01409/Documents/Dissertation/data/Shenzhen/images/CHNCXR_0303_0.png,0,0,0.058864456,0.24892104,0.0247149267830555,0.13681798339152776
CHNCXR_0204_0,/user/HS401/mn01409/Documents/Dissertation/data/Shenzhen/images/CHNCXR_0204_0.png,0,0,0.021626443,0.21320376,0.0040525747711004,0.1086281673855502
CHNCXR_0175_0,/user/HS401/mn01409/Documents/Dissertation/data/Shenzhen/images/CHNCXR_0175_0.png,0,0,0.032482352,0.36159086,0.092020712,0.226805786
CHNCXR_0206_0,/user/HS401/mn01409/Documents/Dissertation/data/Shenzhen/images/CHNCXR_0206_0.png,0,0,0.01909205,0.26588678,0.0040525747711004,0.13496967738555019
MCUCXR_0038_0,/user/HS401/mn01409/Documents/Dissertation/data/Montgomery/images/MCUCXR_0038_0.png,0,0,0.08693375,0.47034788,0.0247149267830555,0.24753140339152774
CHNCXR_0116_0,/user/HS401/mn01409/Documents/Dissertation/data/Shenzhen/images/CHNCXR_0116_0.png,0,0,0.05076307,0.18979752,0.0040525747711004,0.0969250473855502
MCUCXR_0350_1,/user/HS401/mn01409/Documents/Dissertation/data/Montgomery/images/MCUCXR_0350_1.png,1,1,0.999688,1.0,0.995337725346154,0.997668862673077
CHNCXR_0418_1,/user/HS401/mn01409/Documents/Dissertation/data/Shenzhen/images/CHNCXR_0418_1.png,1,0,0.002640771,0.0,0.0040525747711004,0.0020262873855502
MCUCXR_0095_0,/user/HS401/mn01409/Documents/Dissertation/data/Montgomery/images/MCUCXR_0095_0.png,0,0,0.045332737,0.27669364,0.0040525747711004,0.1403731073855502
MCUCXR_0072_0,/user/HS401/mn01409/Documents/Dissertation/data/Montgomery/images/MCUCXR_0072_0.png,0,0,0.0072730854,0.0,0.0247149267830555,0.01235746339152775
CHNCXR_0182_0,/user/HS401/mn01409/Documents/Dissertation/data/Shenzhen/images/CHNCXR_0182_0.png,0,0,0.013013972,0.11363888,0.0040525747711004,0.058845727385550196
MCUCXR_0243_1,/user/HS401/mn01409/Documents/Dissertation/data/Montgomery/images/MCUCXR_0243_1.png,1,1,0.8071949,0.9264023,0.995337725346154,0.9608700126730769
CHNCXR_0064_0,/user/HS401/mn01409/Documents/Dissertation/data/Shenzhen/images/CHNCXR_0064_0.png,0,0,0.00016875185,0.0,0.0040525747711004,0.0020262873855502
CHNCXR_0153_0,/user/HS401/mn01409/Documents/Dissertation/data/Shenzhen/images/CHNCXR_0153_0.png,0,0,0.016384672,0.22035465,0.0040525747711004,0.11220361238555021
CHNCXR_0188_0,/user/HS401/mn01409/Documents/Dissertation/data/Shenzhen/images/CHNCXR_0188_0.png,0,0,0.0003211854,0.07936078,0.0040525747711004,0.0417066773855502
CHNCXR_0270_0,/user/HS401/mn01409/Documents/Dissertation/data/Shenzhen/images/CHNCXR_0270_0.png,0,0,5.48056e-06,0.0,0.0040525747711004,0.0020262873855502
CHNCXR_0148_0,/user/HS401/mn01409/Documents/Dissertation/data/Shenzhen/images/CHNCXR_0148_0.png,0,0,0.00041880063,0.044738114,0.0040525747711004,0.024395344385550202
CHNCXR_0027_0,/user/HS401/mn01409/Documents/Dissertation/data/Shenzhen/images/CHNCXR_0027_0.png,0,0,0.013798078,0.055069923,0.0040525747711004,0.0295612488855502
CHNCXR_0638_1,/user/HS401/mn01409/Documents/Dissertation/data/Shenzhen/images/CHNCXR_0638_1.png,1,1,0.9999889,1.0,0.995337725346154,0.997668862673077
CHNCXR_0124_0,/user/HS401/mn01409/Documents/Dissertation/data/Shenzhen/images/CHNCXR_0124_0.png,0,0,0.00051429664,0.07442337,0.0040525747711004,0.0392379723855502
CHNCXR_0257_0,/user/HS401/mn01409/Documents/Dissertation/data/Shenzhen/images/CHNCXR_0257_0.png,0,0,0.021504212,0.17911848,0.0040525747711004,0.0915855273855502
CHNCXR_0593_1,/user/HS401/mn01409/Documents/Dissertation/data/Shenzhen/images/CHNCXR_0593_1.png,1,1,0.7389447,0.6313076,0.995337725346154,0.813322662673077
CHNCXR_0232_0,/user/HS401/mn01409/Documents/Dissertation/data/Shenzhen/images/CHNCXR_0232_0.png,0,0,0.0060036723,0.17848754,0.0040525747711004,0.0912700573855502
CHNCXR_0627_1,/user/HS401/mn01409/Documents/Dissertation/data/Shenzhen/images/CHNCXR_0627_1.png,1,1,0.7048272,0.6574516,0.870880044,0.764165822
CHNCXR_0239_0,/user/HS401/mn01409/Documents/Dissertation/data/Shenzhen/images/CHNCXR_0239_0.png,0,1,0.63833034,0.2922763,0.0247149267830555,0.15849561339152773
MCUCXR_0057_0,/user/HS401/mn01409/Documents/Dissertation/data/Montgomery/images/MCUCXR_0057_0.png,0,0,0.0091343,0.08212072,0.0247149267830555,0.053417823391527744
CHNCXR_0258_0,/user/HS401/mn01409/Documents/Dissertation/data/Shenzhen/images/CHNCXR_0258_0.png,0,0,0.0002672376,0.0,0.0040525747711004,0.0020262873855502
CHNCXR_0196_0,/user/HS401/mn01409/Documents/Dissertation/data/Shenzhen/images/CHNCXR_0196_0.png,0,0,9.2269365e-06,0.0,0.0040525747711004,0.0020262873855502
CHNCXR_0465_1,/user/HS401/mn01409/Documents/Dissertation/data/Shenzhen/images/CHNCXR_0465_1.png,1,1,0.9982008,1.0,0.995337725346154,0.997668862673077
CHNCXR_0580_1,/user/HS401/mn01409/Documents/Dissertation/data/Shenzhen/images/CHNCXR_0580_1.png,1,1,0.99989116,1.0,0.995337725346154,0.997668862673077
CHNCXR_0302_0,/user/HS401/mn01409/Documents/Dissertation/data/Shenzhen/images/CHNCXR_0302_0.png,0,0,0.0052934773,0.11140975,0.0040525747711004,0.0577311623855502
CHNCXR_0324_0,/user/HS401/mn01409/Documents/Dissertation/data/Shenzhen/images/CHNCXR_0324_0.png,0,0,0.004665028,0.0,0.0040525747711004,0.0020262873855502
CHNCXR_0594_1,/user/HS401/mn01409/Documents/Dissertation/data/Shenzhen/images/CHNCXR_0594_1.png,1,1,0.99620557,1.0,0.995337725346154,0.997668862673077
MCUCXR_0390_1,/user/HS401/mn01409/Documents/Dissertation/data/Montgomery/images/MCUCXR_0390_1.png,1,1,0.9994116,0.78701043,0.995337725346154,0.891174077673077
MCUCXR_0001_0,/user/HS401/mn01409/Documents/Dissertation/data/Montgomery/images/MCUCXR_0001_0.png,0,0,0.4456957,0.49452603,0.0247149267830555,0.25962047839152774
CHNCXR_0230_0,/user/HS401/mn01409/Documents/Dissertation/data/Shenzhen/images/CHNCXR_0230_0.png,0,0,0.0005472977,0.0757831,0.0040525747711004,0.0399178373855502
CHNCXR_0394_1,/user/HS401/mn01409/Documents/Dissertation/data/Shenzhen/images/CHNCXR_0394_1.png,1,1,0.99946076,0.9837256,0.995337725346154,0.989531662673077
